Player,MP,FGA,3P,3PA,2P,2PA,FT,FTA,ORB,DRB,TRB,AST,STL,BLK,TOV,PF,PTS
Aaron Brooks,36.0,13.6,2.2,5.7,3.5,8.2,1.4,1.9,0.8,2.2,3.0,5.5,1.1,0.3,2.7,4.1,14.5
Aaron Gordon,36.0,13.9,1.4,4.5,4.8,9.3,2.6,3.7,2.0,6.1,8.1,3.1,1.0,0.8,1.8,2.5,16.5
Aaron Harrison,36.0,9.6,1.1,5.9,1.1,4.0,1.8,3.3,0.7,3.7,4.4,1.8,1.5,0.4,0.7,4.0,8.4
Aaron Holiday,36.0,13.1,2.0,5.5,3.3,7.6,1.8,2.2,0.4,3.1,3.5,5.0,1.3,0.4,2.0,3.0,14.6
Abdel Nader,36.0,10.8,1.7,5.1,2.8,5.7,1.7,2.6,0.6,4.3,5.1,1.4,1.1,0.9,1.7,3.4,12.8
Admiral Schofield,36.0,9.0,1.9,5.8,1.6,2.9,1.0,1.6,0.6,3.9,4.5,1.6,0.6,0.3,0.6,4.8,9.6
Adreian Payne,36.0,11.3,0.8,2.8,3.6,8.5,2.0,2.8,1.6,6.5,8.1,2.0,1.2,0.8,2.4,6.1,11.7
Al Horford,36.0,13.1,1.4,3.9,5.0,9.1,1.4,1.9,1.9,6.3,8.1,4.9,0.9,1.4,1.7,2.3,15.7
Al Jefferson,36.0,16.8,0.0,0.0,8.5,16.8,2.3,3.4,2.3,8.1,10.2,2.3,0.9,1.1,1.3,4.5,19.4
Al-Farouq Aminu,36.0,10.0,1.8,4.9,2.3,5.1,1.8,2.3,1.6,7.2,8.8,1.8,1.3,0.8,1.5,2.4,11.6
Alan Anderson,36.0,9.9,1.9,5.9,1.9,4.0,1.6,2.2,0.3,3.4,3.7,1.9,0.6,0.0,0.6,4.3,10.9
Alan Williams,36.0,13.3,0.0,0.0,6.6,13.3,3.6,5.8,4.7,10.5,15.2,1.7,1.7,1.7,2.2,6.4,17.2
Alec Burks,36.0,14.3,1.9,4.9,4.1,9.4,3.9,4.8,0.9,5.1,6.0,3.1,1.2,0.3,1.9,2.7,17.6
Alex Abrines,36.0,10.1,2.9,7.6,1.1,2.5,1.1,1.4,0.7,2.5,3.2,1.1,1.1,0.2,0.9,3.8,11.9
Alex Caruso,36.0,9.2,1.2,3.4,2.6,5.8,2.2,3.0,0.8,3.2,4.0,4.4,1.8,0.6,2.2,3.2,11.4
Alex Len,36.0,11.9,0.5,1.4,5.4,10.5,3.3,4.9,3.9,7.9,11.6,1.8,0.7,1.6,2.3,4.7,15.8
Alex Poythress,36.0,10.2,1.3,3.3,3.6,6.9,1.7,2.6,3.0,4.6,7.6,1.7,0.7,0.7,1.0,5.0,12.6
Alexis Ajinca,36.0,12.2,0.0,0.2,5.9,12.2,2.0,2.4,2.9,8.1,11.3,1.0,1.0,1.5,2.2,5.4,14.0
Alfonzo McKinnie,36.0,10.2,1.4,4.1,3.3,5.8,1.1,1.9,2.5,5.5,8.0,1.1,0.8,0.5,1.4,4.7,11.8
Alize Johnson,36.0,9.2,0.6,1.8,2.4,6.7,2.4,3.7,3.7,9.2,13.4,1.8,0.6,1.2,1.2,3.7,9.2
Allen Crabbe,36.0,11.7,2.4,6.5,2.4,5.2,1.6,1.9,0.4,3.8,4.2,1.6,0.8,0.4,1.1,3.0,14.0
Allonzo Trier,36.0,12.8,1.4,3.8,4.3,9.0,4.3,5.4,0.7,3.8,4.7,3.1,0.7,0.4,2.9,3.1,17.5
Alonzo Gee,36.0,5.6,0.4,1.3,2.5,4.3,1.1,1.6,1.3,4.1,5.4,1.6,1.4,0.4,1.3,3.8,7.0
Amar'e Stoudemire,36.0,10.3,0.0,0.0,5.9,10.3,2.4,3.2,2.9,7.3,10.5,1.2,0.7,2.0,2.2,4.4,14.2
Amir Johnson,36.0,8.6,0.4,1.2,4.4,7.2,1.6,2.4,3.2,6.2,9.4,3.2,1.2,1.4,2.0,5.0,11.6
Anderson Varejao,36.0,8.6,0.0,0.0,3.7,8.2,2.5,3.7,2.9,7.4,10.2,2.9,1.2,0.8,1.6,5.3,9.4
Andre Drummond,36.0,13.8,0.0,0.3,7.3,13.5,2.9,6.0,5.3,11.3,16.6,2.0,1.8,1.7,2.7,3.5,17.6
Andre Iguodala,36.0,7.3,1.0,3.2,2.6,4.2,1.2,1.7,1.0,4.5,5.6,4.8,1.3,0.9,1.4,2.2,9.4
Andre Miller,36.0,8.2,0.3,0.6,4.6,7.6,1.8,2.4,0.9,3.1,4.0,6.7,1.2,0.0,2.7,3.7,11.3
Andre Roberson,36.0,6.7,0.7,2.4,2.5,4.2,0.7,1.5,1.8,4.3,6.1,1.3,1.4,1.1,0.8,3.2,7.6
Andrea Bargnani,36.0,15.9,0.3,0.8,7.0,14.9,2.6,3.1,1.6,3.9,5.5,1.0,0.3,0.5,1.6,3.4,17.2
Andrew Bogut,36.0,6.3,0.0,0.0,3.8,6.3,0.4,1.0,3.2,9.5,12.7,3.6,0.8,2.4,2.4,5.5,7.9
Andrew Harrison,36.0,10.1,1.2,3.8,2.6,6.3,3.5,4.5,0.7,2.8,3.5,4.9,1.2,0.5,2.1,4.4,12.2
Andrew Nicholson,36.0,13.1,1.5,4.4,4.4,8.7,1.7,2.3,1.5,6.7,8.1,1.2,0.9,0.9,1.7,3.8,14.8
Andrew Wiggins,36.0,17.2,1.3,4.0,6.3,13.1,3.9,5.3,1.2,3.1,4.3,2.4,1.0,0.6,2.1,2.1,20.5
Anfernee Simons,36.0,13.6,1.8,5.7,3.5,7.7,1.8,2.4,0.6,3.1,3.7,2.4,0.6,0.2,1.6,3.3,14.8
Ante Zizic,36.0,11.3,0.0,0.0,6.4,11.3,3.0,4.3,3.5,7.0,10.5,1.6,0.5,1.1,1.9,4.0,16.1
Anthony Bennett,36.0,12.1,1.7,6.5,3.0,6.1,3.5,4.8,3.0,7.4,10.4,1.3,0.9,0.4,1.7,2.6,14.7
Anthony Brown,36.0,8.3,1.4,4.6,1.4,3.7,0.8,1.0,0.8,4.1,4.8,1.4,1.0,0.2,1.0,2.3,7.5
Anthony Davis,36.0,19.4,0.8,2.4,9.1,17.1,6.6,8.2,2.5,8.7,11.1,2.7,1.4,2.4,2.2,2.4,27.2
Anthony Morrow,36.0,12.9,2.6,7.5,2.6,5.4,1.3,1.5,0.5,1.5,2.1,1.0,1.0,0.3,0.5,2.3,14.4
Anthony Tolliver,36.0,8.9,2.6,6.9,1.1,2.0,1.5,1.9,1.1,4.6,5.8,1.7,0.7,0.6,1.1,2.8,11.5
Antonio Blakeney,36.0,17.0,1.7,4.6,5.3,12.5,2.6,3.6,0.2,4.1,4.3,1.9,0.5,0.2,1.4,1.9,18.0
Archie Goodwin,36.0,13.3,0.8,3.1,5.1,10.2,4.5,6.5,1.0,3.7,4.7,3.9,0.8,0.4,3.1,2.5,16.6
Aron Baynes,36.0,10.9,0.6,1.7,4.8,9.3,2.3,2.9,3.4,6.9,10.3,1.9,0.4,1.3,1.9,5.1,13.5
Arron Afflalo,36.0,10.8,1.4,3.6,3.3,7.2,1.7,2.0,0.3,3.3,3.6,2.0,0.4,0.1,1.2,2.3,12.5
Austin Rivers,36.0,12.2,2.0,5.7,3.2,6.6,1.8,2.6,0.4,2.6,3.0,3.2,1.1,0.3,1.6,3.1,14.2
Avery Bradley,36.0,13.8,2.0,5.3,4.1,8.5,1.2,1.5,0.8,3.0,3.9,2.3,1.3,0.2,1.8,2.7,15.2
Bam Adebayo,36.0,10.1,0.0,0.3,5.6,10.0,3.5,4.9,3.0,7.9,10.8,4.1,1.1,1.3,2.5,3.2,14.8
Ben McLemore,36.0,12.1,2.5,6.7,2.7,5.6,1.6,2.2,0.7,3.1,3.8,1.6,1.1,0.4,1.8,3.8,14.6
Ben Simmons,36.0,12.6,0.0,0.1,7.0,12.5,3.0,5.1,2.1,6.6,8.7,8.4,1.8,0.8,3.7,2.9,17.2
Beno Udrih,36.0,11.3,0.7,2.1,4.2,8.9,1.4,1.6,0.5,3.3,3.8,7.1,0.7,0.0,2.6,2.4,12.2
Bismack Biyombo,36.0,7.3,0.0,0.0,4.0,7.3,2.8,4.4,3.5,8.1,11.8,1.3,0.4,2.2,1.7,4.2,10.7
Blake Griffin,36.0,17.9,1.6,4.7,6.7,13.2,5.2,6.8,1.5,6.5,8.1,5.4,0.7,0.4,3.0,2.7,23.4
Boban Marjanovic,36.0,14.8,0.0,0.4,8.5,14.5,5.6,7.4,5.2,10.0,14.8,1.9,0.7,1.5,2.6,4.5,23.0
Bobby Brown,36.0,17.7,4.1,11.5,2.7,6.8,0.7,0.7,0.0,2.0,2.0,4.1,0.7,0.0,2.0,1.4,17.0
Bobby Portis,36.0,15.9,1.6,4.2,5.8,11.6,1.9,2.6,3.0,7.4,10.4,2.1,0.9,0.5,1.9,3.2,18.0
Bogdan Bogdanovic,36.0,14.7,2.6,7.0,3.7,7.7,1.9,2.4,0.6,3.6,4.1,4.5,1.3,0.3,2.0,2.7,17.2
Bojan Bogdanovic,36.0,14.0,2.4,6.2,4.0,7.8,3.2,3.7,0.6,3.9,4.4,2.0,0.7,0.1,2.1,2.1,18.7
Boris Diaw,36.0,9.7,0.6,2.0,4.0,7.6,1.2,1.4,1.4,3.8,5.2,4.6,0.6,0.4,2.4,2.4,11.1
Brad Wanamaker,36.0,9.9,1.1,2.9,3.4,6.8,3.2,3.4,0.5,3.4,3.8,5.0,1.6,0.2,2.0,3.6,13.3
Bradley Beal,36.0,18.9,2.7,7.0,6.1,11.8,4.2,5.2,0.8,3.4,4.2,4.6,1.2,0.4,2.5,2.3,24.4
Brandan Wright,36.0,9.9,0.0,0.0,6.1,9.9,1.9,3.3,2.6,4.7,7.5,1.2,0.9,2.1,0.9,3.3,14.1
Brandon Bass,36.0,9.5,0.0,0.0,5.3,9.3,3.8,4.4,2.7,5.1,7.7,1.8,0.9,1.3,1.3,3.1,14.4
Brandon Clarke,36.0,13.3,0.6,1.8,7.6,11.6,2.4,3.1,2.6,7.1,9.5,2.2,1.0,1.3,1.4,2.7,19.4
Brandon Goodwin,36.0,16.0,2.2,7.1,4.1,8.9,2.6,3.0,0.7,4.8,5.6,4.8,0.7,0.4,2.2,3.7,17.1
Brandon Ingram,36.0,14.5,1.2,3.5,5.5,11.1,3.7,5.1,0.9,4.7,5.7,3.6,0.8,0.7,2.6,2.9,18.2
Brandon Jennings,36.0,11.5,1.8,5.6,2.3,5.9,2.3,3.0,0.5,3.4,4.1,7.7,1.3,0.2,2.5,2.3,12.4
Brandon Knight,36.0,15.8,2.2,6.4,4.2,9.4,2.9,3.5,0.6,2.9,3.6,4.5,1.0,0.3,2.9,2.6,17.6
Brandon Paul,36.0,8.0,0.8,3.2,2.4,4.4,1.2,2.8,0.4,4.0,4.4,2.4,1.6,0.4,2.0,3.6,9.2
Brandon Rush,36.0,7.8,1.9,4.7,1.2,3.1,0.6,0.8,0.6,4.1,4.9,1.9,0.8,0.8,1.0,1.6,8.6
Brian Roberts,36.0,11.6,1.1,3.4,3.8,8.2,3.0,3.4,0.4,3.0,3.4,4.5,0.8,0.0,1.9,2.2,14.2
Briante Weber,36.0,8.5,0.3,1.6,3.2,6.9,1.3,1.9,1.3,3.7,5.0,3.7,2.4,0.5,1.9,3.2,8.5
Brook Lopez,36.0,15.6,1.8,5.3,5.6,10.3,3.3,4.2,1.6,5.1,6.7,2.2,0.8,2.4,2.0,3.3,19.9
Bruce Brown,36.0,8.9,0.6,2.2,3.1,6.6,1.5,2.2,1.2,4.2,5.4,3.7,1.2,0.8,1.7,4.0,9.7
Bruno Caboclo,36.0,10.9,1.9,5.6,2.6,5.3,1.6,1.9,2.4,5.0,7.4,2.1,1.1,1.6,1.9,3.7,12.2
Bruno Fernando,36.0,10.2,0.3,2.0,5.1,8.2,1.4,2.6,3.4,6.5,9.9,2.6,0.9,0.9,2.3,5.4,12.2
Bryn Forbes,36.0,12.4,2.7,6.8,2.7,5.6,1.3,1.5,0.3,2.8,3.2,2.5,0.7,0.0,1.2,2.5,14.8
Buddy Hield,36.0,17.4,3.6,8.7,4.0,8.6,1.7,1.9,1.0,4.4,5.5,2.9,1.0,0.4,2.2,2.6,20.7
CJ McCollum,36.0,18.7,2.5,6.3,6.0,12.5,2.6,3.1,0.7,3.2,3.9,3.8,0.9,0.4,2.0,2.5,22.2
CJ Miles,36.0,14.4,3.5,9.7,2.3,4.9,2.1,2.5,0.5,3.7,4.2,1.4,1.1,0.5,1.2,3.3,17.2
CJ Watson,36.0,8.4,1.0,3.3,2.0,4.9,2.0,2.2,0.6,2.9,3.3,4.3,1.4,0.2,1.6,2.9,9.2
CJ Wilcox,36.0,13.0,1.8,4.7,3.0,7.7,1.2,1.8,0.6,2.4,3.0,3.0,1.8,0.6,1.2,3.0,11.8
CJ Williams,36.0,10.0,1.1,4.1,3.4,5.9,0.5,0.7,0.5,2.3,2.7,2.3,1.6,0.5,1.1,3.4,10.7
Caleb Swanigan,36.0,8.7,0.0,0.8,3.7,7.9,1.7,2.5,3.3,8.7,12.0,2.9,0.8,0.4,4.1,7.0,9.5
Cam Reddish,36.0,12.9,1.9,5.8,3.0,7.0,2.3,3.0,0.8,4.2,5.0,2.0,1.5,0.7,2.3,3.1,14.2
Cameron Johnson,36.0,11.6,3.1,7.9,2.0,3.8,1.3,1.6,1.5,3.9,5.4,2.0,1.0,0.7,1.0,2.5,14.4
Cameron Payne,36.0,13.4,2.0,5.5,3.5,7.9,1.1,1.3,0.7,3.5,4.2,5.5,1.5,0.4,2.2,3.5,13.6
Caris LeVert,36.0,15.2,1.8,5.3,4.9,10.0,2.8,3.9,1.1,4.0,5.2,5.0,1.5,0.4,2.7,2.7,17.7
Carl Landry,36.0,15.7,0.5,0.9,8.4,15.0,4.3,5.7,3.2,6.2,9.3,2.1,0.7,0.5,1.4,4.3,22.3
Carmelo Anthony,36.0,17.6,1.9,5.5,5.5,12.1,3.4,4.2,1.2,5.7,6.9,2.6,0.9,0.5,1.9,2.9,20.4
Carsen Edwards,36.0,13.3,2.3,8.0,1.9,5.3,1.5,1.9,0.8,4.2,4.9,2.3,1.1,0.4,1.5,3.4,12.5
Cedi Osman,36.0,11.7,2.0,5.6,3.0,6.1,1.6,2.3,0.7,4.3,5.1,2.7,1.0,0.1,1.7,3.0,13.9
Chandler Hutchison,36.0,9.6,0.7,2.2,3.8,7.5,1.8,2.9,1.3,6.2,7.5,1.5,1.3,0.4,1.3,2.7,11.3
Chandler Parsons,36.0,12.6,2.0,5.6,3.6,7.2,1.6,2.2,0.5,4.7,5.1,3.3,1.1,0.5,1.9,2.6,14.8
Channing Frye,36.0,11.8,3.0,7.6,2.3,4.4,1.2,1.4,0.9,6.2,7.2,1.6,0.9,0.9,1.4,3.7,14.8
Charlie Villanueva,36.0,17.8,2.7,9.4,4.4,8.4,1.3,1.3,1.3,7.1,8.4,1.3,1.0,0.7,1.7,3.7,17.2
Chase Budinger,36.0,9.2,1.0,3.3,3.1,5.9,1.5,2.0,1.8,4.1,5.9,2.6,1.3,0.5,1.8,2.3,10.5
Chasson Randle,36.0,10.6,2.1,5.4,2.3,5.2,2.8,3.6,0.5,2.3,3.1,4.4,1.3,0.3,2.1,4.4,13.7
Cheick Diallo,36.0,11.1,0.0,0.0,6.6,11.1,2.4,3.3,3.0,9.6,12.6,1.2,0.9,1.2,1.8,4.5,15.9
Chimezie Metu,36.0,14.3,0.0,0.7,6.1,13.6,3.4,4.1,2.7,6.8,10.2,3.4,1.4,1.4,3.4,2.7,15.6
Chris Andersen,36.0,6.5,0.3,1.1,3.0,5.5,2.5,3.5,3.3,6.0,9.0,1.1,1.4,1.4,1.1,3.5,9.3
Chris Bosh,36.0,15.6,1.6,4.5,5.6,11.1,4.3,5.5,1.0,7.0,8.0,2.6,0.8,0.6,1.6,2.0,20.5
Chris Boucher,36.0,13.7,1.7,5.7,4.7,8.0,3.7,4.7,4.7,7.7,12.3,1.0,1.0,3.0,1.3,5.3,18.3
Chris Chiozza,36.0,12.2,2.3,6.4,2.3,5.8,0.3,0.3,0.9,3.8,4.6,7.3,1.7,0.3,2.6,3.2,12.2
Chris Clemons,36.0,17.6,4.5,13.1,2.5,4.5,1.2,1.2,0.4,3.3,3.7,3.3,1.2,0.8,2.5,3.3,20.0
Chris Johnson,36.0,8.3,1.2,4.1,1.8,4.1,1.5,1.8,1.2,4.4,5.6,1.8,1.5,0.9,1.8,4.1,8.6
Chris McCullough,36.0,12.4,1.2,3.2,4.4,9.2,1.6,2.8,2.8,4.8,7.6,1.2,2.0,1.2,1.2,3.6,13.2
Chris Paul,36.0,15.1,2.3,5.9,4.7,9.3,4.1,4.5,0.7,4.7,5.4,9.5,2.0,0.2,2.7,2.7,20.3
Chris Silva,36.0,8.2,0.0,0.5,5.0,7.7,3.6,5.5,6.4,6.8,13.2,2.3,0.9,2.3,3.2,8.7,13.7
Christian Wood,36.0,13.8,1.3,3.6,6.2,10.2,4.9,6.7,2.9,7.8,10.7,1.3,0.9,1.6,2.2,2.7,21.1
Clint Capela,36.0,11.6,0.0,0.0,7.3,11.6,2.3,4.2,4.6,8.9,13.5,1.3,0.9,2.0,1.8,3.5,17.0
Coby White,36.0,17.0,2.8,8.1,3.9,8.9,2.2,2.8,0.6,4.3,4.9,3.8,1.1,0.1,2.4,2.5,18.4
Cody Martin,36.0,8.2,0.8,3.1,2.9,5.2,1.7,2.7,1.5,4.8,6.3,3.8,1.5,0.4,1.7,3.1,9.6
Cody Zeller,36.0,10.0,0.1,0.6,5.3,9.4,3.2,4.4,3.2,6.3,9.6,2.1,1.2,1.2,1.6,4.1,14.2
Cole Aldrich,36.0,8.5,0.0,0.0,4.8,8.5,1.9,3.0,3.7,8.2,11.9,1.9,1.9,2.2,2.2,5.9,11.5
Collin Sexton,36.0,17.4,1.7,4.1,6.2,13.2,3.3,4.0,0.9,2.5,3.3,3.3,0.8,0.1,2.6,2.5,20.6
Corey Brewer,36.0,10.3,1.0,3.8,3.3,6.5,1.9,2.7,1.0,3.6,4.6,2.3,2.1,0.4,1.5,4.0,11.5
Cory Joseph,36.0,10.0,0.8,2.7,3.4,7.3,1.4,1.8,0.7,3.4,4.2,4.8,1.3,0.3,1.7,2.4,10.9
Courtney Lee,36.0,10.6,1.6,4.0,3.2,6.6,1.5,1.7,0.5,2.9,3.6,2.5,1.3,0.4,1.2,2.0,12.6
Cristiano Felicio,36.0,7.8,0.0,0.2,4.4,7.5,2.2,3.2,3.9,6.1,10.0,1.7,0.7,0.5,1.5,3.6,10.9
D'Angelo Russell,36.0,19.0,3.0,8.2,5.1,10.8,2.7,3.6,0.7,3.8,4.6,6.6,1.4,0.2,3.6,2.4,21.7
DJ Augustin,36.0,11.2,2.2,5.5,2.6,5.8,3.3,3.9,0.5,2.5,3.1,6.1,0.9,0.0,2.2,2.0,15.0
DJ Wilson,36.0,10.8,1.8,5.6,2.6,5.3,1.2,1.8,1.8,7.3,8.8,2.0,0.6,0.6,1.5,3.5,12.0
Dakari Johnson,36.0,9.0,0.0,0.0,4.8,9.0,2.8,4.2,3.5,4.2,7.6,2.1,1.4,2.1,0.7,6.2,12.5
Damian Jones,36.0,7.1,0.0,0.3,4.6,6.9,2.3,3.3,2.8,4.9,7.9,1.5,1.0,1.8,1.3,5.9,11.7
Damian Lillard,36.0,19.6,3.2,8.5,5.5,11.1,6.3,7.0,0.7,3.8,4.5,6.8,1.0,0.4,2.8,1.9,26.8
Damion Lee,36.0,12.9,2.0,6.0,3.3,6.9,2.5,2.8,0.8,5.3,6.1,2.8,1.4,0.2,1.6,2.8,15.4
Damjan Rudez,36.0,9.0,2.4,7.1,0.9,2.4,0.5,0.5,0.5,1.9,2.8,1.9,0.9,0.0,1.4,3.8,9.5
Damyean Dotson,36.0,12.5,2.3,6.3,3.0,6.3,1.3,1.6,0.5,4.1,4.7,2.5,1.1,0.2,1.3,2.3,14.0
Daniel Gafford,36.0,7.9,0.0,0.0,5.6,7.9,1.8,3.5,3.0,3.3,6.3,1.3,0.8,3.3,1.8,5.8,12.9
Daniel Theis,36.0,9.8,0.8,2.2,4.7,7.4,2.2,2.9,3.3,6.3,9.8,2.5,1.0,1.8,1.4,5.7,13.7
Danilo Gallinari,36.0,14.4,2.5,6.3,3.8,8.1,6.1,6.8,0.8,5.3,6.1,2.6,0.8,0.3,1.5,1.8,21.2
Danny Green,36.0,10.0,2.5,6.6,1.6,3.6,0.7,0.8,0.8,4.1,4.9,2.2,1.4,1.1,1.4,2.6,11.4
Dante Cunningham,36.0,7.7,1.3,3.5,2.3,4.2,0.7,1.0,1.3,4.5,5.8,1.2,0.8,0.7,0.7,2.7,9.0
Dante Exum,36.0,11.3,1.1,3.7,3.7,7.4,2.6,3.3,0.9,3.3,4.1,4.1,0.9,0.4,2.6,3.7,13.4
Danuel House,36.0,10.0,2.3,6.5,2.1,3.6,1.6,2.1,1.1,4.3,5.2,1.6,1.1,0.5,1.1,2.6,12.9
Dario Saric,36.0,13.6,2.0,5.7,3.9,7.7,2.6,3.1,2.2,6.2,8.4,2.9,0.8,0.3,2.3,3.0,16.6
Darius Bazley,36.0,10.1,1.6,4.5,2.3,5.6,1.4,1.9,1.0,6.8,7.8,1.4,0.8,1.4,1.4,1.8,10.9
Darius Garland,36.0,13.7,2.1,5.8,3.5,7.9,1.3,1.4,0.6,1.6,2.2,4.5,0.8,0.1,3.0,1.9,14.3
Darius Miller,36.0,9.4,2.8,7.1,1.2,2.4,1.2,1.3,0.3,2.5,2.8,2.5,0.7,0.4,1.2,3.2,11.8
Darrell Arthur,36.0,11.8,1.6,4.1,3.7,7.7,1.0,1.2,1.8,4.9,6.5,2.2,1.2,1.2,1.8,4.5,13.2
Darren Collison,36.0,11.9,1.5,3.4,4.3,8.6,2.7,3.1,0.5,2.6,3.1,6.2,1.5,0.1,2.0,2.2,15.6
Darrun Hilliard,36.0,11.5,1.1,4.2,3.1,7.3,2.3,3.1,0.4,3.4,3.4,3.1,0.8,0.0,2.3,3.1,12.3
David Lee,36.0,11.3,0.0,0.0,6.5,11.3,2.2,3.0,3.8,7.5,11.3,3.2,0.8,1.0,2.2,3.6,15.2
David Nwaba,36.0,9.1,0.5,1.8,3.9,7.4,2.6,3.9,1.8,4.7,6.5,1.9,1.2,0.7,1.4,3.7,12.1
David West,36.0,11.8,0.0,0.2,6.5,11.6,1.9,2.4,1.9,6.3,8.2,4.8,1.4,1.9,2.4,4.1,15.0
Davis Bertans,36.0,11.8,3.7,8.7,1.5,3.1,1.5,1.9,0.8,4.6,5.4,2.1,0.8,0.8,1.2,3.1,15.5
Davon Reed,36.0,10.8,1.5,5.4,1.9,5.8,1.2,1.5,0.4,5.0,5.8,1.9,1.5,0.4,1.5,2.3,9.3
De'Aaron Fox,36.0,15.7,1.1,3.3,6.1,12.5,3.9,5.6,0.6,3.4,4.0,7.2,1.7,0.5,3.2,3.0,19.2
De'Andre Hunter,36.0,12.2,1.9,5.4,3.0,6.8,1.9,2.6,0.8,4.3,5.1,2.0,0.8,0.3,1.8,3.3,13.8
De'Anthony Melton,36.0,11.0,1.1,3.9,3.1,7.0,1.8,2.6,1.1,4.8,5.9,5.5,2.4,0.7,2.6,3.7,11.8
DeAndre Jordan,36.0,8.0,0.0,0.0,5.4,7.9,3.1,5.7,4.2,11.8,16.0,1.9,0.7,1.7,1.9,3.0,13.8
DeAndre Liggins,36.0,6.0,0.9,2.3,1.4,3.5,0.6,1.2,0.6,3.7,4.3,2.3,2.0,0.6,1.4,4.0,6.0
DeAndre' Bembry,36.0,10.6,0.7,2.8,3.9,7.6,1.3,2.2,1.1,5.2,6.3,3.5,1.9,0.7,2.6,3.3,11.5
DeMar DeRozan,36.0,18.4,0.5,1.8,8.1,16.6,6.3,7.5,0.8,4.3,5.2,5.2,1.1,0.3,2.5,2.2,24.1
DeMarcus Cousins,36.0,19.9,1.6,4.8,7.5,15.1,7.0,9.3,2.2,9.8,12.0,4.5,1.6,1.5,4.2,4.0,26.9
DeMarre Carroll,36.0,11.9,2.2,6.2,2.6,5.7,2.8,3.7,1.5,5.2,6.8,1.9,1.2,0.4,1.4,2.8,14.5
Deandre Ayton,36.0,15.1,0.0,0.2,8.6,14.9,2.2,3.0,3.9,8.4,12.3,2.1,0.9,1.3,2.2,3.4,19.5
Dejounte Murray,36.0,13.1,0.5,1.6,5.3,11.5,2.1,2.8,1.8,6.7,8.5,5.3,2.1,0.5,2.8,3.0,14.4
Delon Wright,36.0,10.7,1.1,3.3,3.6,7.5,2.4,3.1,1.5,4.2,5.6,5.3,1.8,0.7,1.8,2.2,13.3
Dennis Schroder,36.0,17.9,1.8,5.1,6.1,12.8,3.3,3.9,0.6,3.4,4.1,6.3,1.1,0.3,3.3,2.7,20.7
Dennis Smith,36.0,16.6,1.6,5.4,4.9,11.3,2.3,3.6,1.0,3.4,4.4,6.2,1.5,0.4,3.6,3.0,17.2
Denzel Valentine,36.0,12.6,2.6,7.2,2.4,5.3,0.5,0.9,0.7,5.5,6.2,3.6,1.2,0.2,1.7,3.3,13.4
Deonte Burton,36.0,12.4,1.3,4.7,3.4,7.7,0.9,1.7,0.9,4.3,5.1,1.7,0.9,1.3,1.7,3.9,11.1
Deron Williams,36.0,13.2,1.7,4.9,3.8,8.3,2.6,3.0,0.4,3.0,3.2,7.0,0.9,0.2,2.7,2.8,15.5
Derrick Favors,36.0,12.4,0.1,0.7,6.7,11.7,2.5,3.8,3.5,6.8,10.5,1.8,1.1,1.6,1.6,3.0,16.4
Derrick Jones,36.0,9.3,0.7,2.8,3.9,6.5,2.4,3.3,2.4,4.1,6.5,1.3,1.3,1.1,0.9,3.7,12.4
Derrick Rose,36.0,18.3,0.8,2.7,7.7,15.7,3.3,3.8,0.9,2.9,3.8,5.6,0.8,0.3,2.8,1.4,21.1
Derrick Walton,36.0,5.7,1.5,3.8,0.8,1.9,1.1,1.5,0.4,2.7,3.1,3.8,1.1,0.4,0.8,2.7,7.7
Derrick White,36.0,11.4,1.4,3.7,4.0,7.7,2.9,3.6,0.8,4.3,5.1,5.3,1.2,1.1,2.0,3.1,15.1
Derrick Williams,36.0,13.1,1.3,4.0,4.7,9.1,4.0,5.5,1.1,5.7,6.8,1.7,0.6,0.2,1.5,2.1,16.9
Devin Booker,36.0,18.5,2.1,5.9,6.2,12.6,5.5,6.2,0.5,3.3,3.9,5.1,0.9,0.3,3.5,3.3,24.2
Devin Harris,36.0,11.5,1.8,5.7,2.8,5.7,3.4,4.2,0.4,3.4,3.8,4.0,1.4,0.4,2.0,3.8,14.8
Devonte' Graham,36.0,14.7,3.1,8.8,2.3,5.8,2.9,3.5,0.7,2.7,3.4,7.3,1.1,0.3,2.6,2.0,17.0
Dewayne Dedmon,36.0,10.3,0.9,2.8,4.4,7.3,1.8,2.4,2.8,9.0,11.8,1.7,1.1,1.7,2.0,4.8,13.4
Deyonta Davis,36.0,9.2,0.0,0.0,5.7,9.2,1.5,2.4,3.0,6.8,9.5,1.2,0.6,1.8,1.2,5.1,12.5
Dillon Brooks,36.0,14.7,1.9,5.3,4.3,9.4,2.3,3.0,0.9,3.0,4.0,2.2,1.0,0.4,1.9,4.2,16.6
Dion Waiters,36.0,14.6,2.2,5.9,3.9,8.6,1.8,2.6,0.4,3.1,3.6,3.7,1.2,0.4,2.3,2.5,15.9
Dirk Nowitzki,36.0,16.3,2.3,6.1,4.9,10.1,2.7,3.0,0.6,7.4,8.0,2.0,0.7,0.9,1.1,2.7,19.1
Domantas Sabonis,36.0,12.9,0.4,1.4,6.3,11.7,3.1,4.2,2.8,8.4,11.2,3.7,0.8,0.6,2.7,4.1,17.0
Donald Sloan,36.0,9.5,1.0,2.7,3.2,6.8,2.2,2.8,0.5,4.3,4.7,7.3,0.8,0.2,2.2,2.0,11.7
Donatas Motiejunas,36.0,12.1,1.0,3.6,4.4,8.5,2.1,3.6,2.3,5.1,7.5,2.6,1.3,0.5,2.8,4.6,13.4
Donovan Mitchell,36.0,20.0,2.6,7.3,6.2,12.8,3.9,4.8,0.7,3.5,4.4,4.3,1.4,0.3,2.9,2.8,24.2
Donte DiVincenzo,36.0,11.8,1.9,6.1,3.3,5.7,1.4,1.9,1.6,5.5,7.1,3.5,1.9,0.5,2.1,2.8,13.8
Dorian Finney-Smith,36.0,8.7,1.6,4.7,2.2,4.0,1.2,1.6,2.1,4.3,6.3,1.8,1.0,0.6,1.2,3.1,10.2
Doug McDermott,36.0,12.0,2.2,5.5,3.4,6.5,1.5,1.7,0.7,3.3,3.9,1.5,0.3,0.2,1.0,2.6,14.9
Dragan Bender,36.0,9.0,1.8,5.4,1.8,3.6,0.9,1.3,1.1,5.7,7.0,2.3,0.5,1.1,2.0,3.6,9.7
Draymond Green,36.0,9.4,1.1,3.6,3.1,5.8,2.1,2.9,1.3,7.5,8.8,7.8,1.8,1.3,3.0,3.1,11.6
Drew Eubanks,36.0,8.8,0.0,0.0,5.4,8.4,2.9,3.8,3.3,8.0,10.9,2.1,0.8,2.1,2.5,4.6,13.8
Duncan Robinson,36.0,11.3,4.4,10.0,1.0,1.4,1.1,1.2,0.1,3.7,4.0,1.6,0.7,0.3,1.1,3.1,16.0
Dwayne Bacon,36.0,11.5,1.1,3.4,3.6,8.3,1.6,2.0,0.5,4.7,5.2,2.2,0.9,0.2,1.4,2.9,11.9
Dwight Howard,36.0,10.5,0.0,0.1,6.5,10.5,4.0,7.4,4.1,10.2,14.3,1.5,0.9,1.8,2.7,4.0,16.8
Dwight Powell,36.0,9.7,0.6,1.8,5.0,7.9,3.3,4.4,2.8,6.1,9.0,1.8,1.3,0.9,1.3,4.0,14.9
Dwyane Wade,36.0,18.1,0.8,2.8,7.2,15.5,4.1,5.4,1.3,4.1,5.4,5.3,1.3,0.8,3.2,2.2,20.9
Dzanan Musa,36.0,13.5,1.3,6.1,3.7,7.4,3.0,4.4,1.3,4.7,6.4,3.0,1.0,0.0,2.7,2.0,14.5
E'Twaun Moore,36.0,12.4,1.7,4.3,4.1,8.1,0.9,1.3,0.7,2.7,3.4,2.9,1.0,0.4,1.4,2.7,14.4
Ed Davis,36.0,7.2,0.0,0.0,4.2,7.2,2.2,3.6,4.8,9.3,14.1,1.4,1.0,1.2,1.6,5.2,10.5
Edmond Sumner,36.0,11.4,1.2,4.5,3.3,6.9,1.8,3.0,1.2,2.7,3.9,3.6,1.5,0.9,1.8,3.9,12.0
Ekpe Udoh,36.0,6.2,0.0,0.0,3.6,6.2,1.8,2.9,2.9,4.7,7.6,2.5,1.8,3.3,1.1,4.4,9.1
Elfrid Payton,36.0,12.9,0.6,2.1,5.3,10.8,1.9,3.0,1.4,4.2,5.4,8.3,1.5,0.5,3.0,2.6,14.2
Elie Okobo,36.0,10.2,1.4,4.4,2.6,5.8,1.9,2.6,0.7,3.5,3.9,5.1,1.2,0.2,2.3,3.5,11.1
Emmanuel Mudiay,36.0,15.4,1.4,4.2,4.8,11.0,2.9,3.9,0.8,3.8,4.4,5.7,1.1,0.5,3.3,2.4,16.6
Enes Kanter,36.0,14.9,0.2,0.5,8.3,14.6,3.8,4.7,5.2,8.8,14.1,1.8,0.7,0.8,2.5,3.6,20.8
Eric Bledsoe,36.0,15.9,1.8,5.3,5.5,10.6,4.2,5.3,0.9,4.2,5.2,6.6,1.8,0.6,3.3,2.7,20.8
Eric Gordon,36.0,15.5,3.5,9.7,2.9,5.8,2.5,3.1,0.3,2.3,2.8,2.5,0.8,0.5,1.8,2.3,18.8
Eric Moreland,36.0,5.5,0.0,0.0,2.9,5.5,0.6,1.3,3.5,9.0,12.5,3.2,1.3,2.2,1.9,5.1,6.4
Eric Paschall,36.0,14.0,0.8,2.9,6.1,11.1,3.5,4.6,1.8,4.2,6.0,2.7,0.7,0.3,2.1,2.7,18.3
Ersan Ilyasova,36.0,13.0,1.9,5.5,3.7,7.4,2.2,3.1,2.4,6.1,8.5,1.8,1.0,0.5,1.6,3.7,15.6
Evan Fournier,36.0,14.9,2.4,6.3,4.4,8.6,2.8,3.5,0.4,2.8,3.4,3.5,1.1,0.1,2.0,2.9,18.6
Evan Turner,36.0,10.9,0.4,1.7,4.4,9.2,1.9,2.3,0.7,5.0,5.8,4.8,1.0,0.4,2.3,2.5,12.1
Festus Ezeli,36.0,10.8,0.0,0.0,5.8,10.8,3.2,6.3,4.3,7.8,12.1,1.5,0.9,2.4,1.7,4.3,15.1
Frank Jackson,36.0,14.3,1.8,5.7,4.2,8.6,2.0,2.6,0.9,3.1,4.0,2.4,0.9,0.0,1.8,3.1,15.8
Frank Kaminsky,36.0,13.5,2.0,5.6,3.8,7.9,2.6,3.6,1.3,5.4,6.6,2.6,0.8,0.7,1.5,2.6,16.1
Frank Mason,36.0,14.2,1.2,3.9,4.4,10.0,3.3,4.4,0.9,3.5,4.4,6.0,1.4,0.5,2.6,2.8,15.8
Frank Ntilikina,36.0,10.6,1.2,3.9,2.7,6.8,1.2,1.5,0.7,3.0,3.7,5.2,1.4,0.5,2.4,4.1,10.1
Fred VanVleet,36.0,13.3,2.4,6.4,3.0,7.0,2.4,2.9,0.5,3.5,3.9,6.2,1.5,0.5,2.0,2.7,15.9
Furkan Korkmaz,36.0,12.9,3.1,8.1,2.3,5.0,1.9,2.3,0.6,4.0,4.4,2.1,1.0,0.2,1.2,2.7,15.6
Garrett Temple,36.0,9.9,1.9,5.4,2.1,4.6,1.4,1.9,0.6,3.3,3.9,2.8,1.4,0.6,1.4,3.2,11.3
Gary Clark,36.0,8.6,2.5,7.5,0.8,1.1,0.6,0.6,1.9,5.0,6.6,1.1,0.8,1.4,0.6,2.8,9.1
Gary Harris,36.0,12.6,1.9,5.1,4.0,7.5,1.9,2.4,0.8,2.5,3.3,2.7,1.5,0.2,1.5,2.2,15.4
Gary Neal,36.0,14.5,1.8,4.4,4.8,10.1,2.2,2.6,0.6,3.1,3.7,2.0,0.9,0.0,1.3,2.4,17.3
Gary Payton,36.0,10.3,0.9,3.7,3.1,6.6,0.6,1.1,2.0,4.6,6.6,4.0,2.3,0.6,1.7,4.6,10.0
Gary Trent,36.0,12.3,2.8,7.2,2.3,5.1,0.9,1.3,0.6,2.1,2.8,1.7,1.1,0.4,0.6,2.3,14.4
George Hill,36.0,11.0,1.8,4.6,3.3,6.4,2.2,2.9,0.9,3.3,4.1,4.1,1.2,0.3,1.6,2.5,14.5
Georges Niang,36.0,12.6,3.2,7.9,2.5,4.7,1.1,1.1,0.7,4.7,5.4,2.2,0.7,0.4,1.4,3.2,15.1
Georgios Papagiannis,36.0,10.9,0.0,0.3,5.6,10.6,0.9,1.2,2.7,6.5,9.4,2.1,0.6,1.8,2.4,4.1,12.1
Gerald Green,36.0,14.5,3.1,8.8,2.8,5.5,1.7,2.0,0.7,3.9,4.4,1.3,0.9,0.6,1.3,3.1,16.3
Gerald Henderson,36.0,12.6,1.3,3.5,4.2,9.0,2.8,3.7,0.7,3.9,4.7,2.2,0.8,0.3,1.5,2.5,14.9
Giannis Antetokounmpo,36.0,17.4,0.7,2.6,8.7,14.8,6.1,8.4,2.0,8.8,10.8,5.5,1.4,1.6,3.3,3.3,25.7
Glenn Robinson,36.0,10.4,1.3,3.4,3.4,6.8,1.5,1.9,1.3,4.0,5.3,1.5,1.1,0.4,0.9,1.9,12.3
Goga Bitadze,36.0,11.6,0.4,3.3,4.6,8.3,1.7,2.5,2.1,6.2,8.3,1.7,0.8,2.9,2.1,5.0,13.2
Goran Dragic,36.0,15.4,1.7,4.7,5.3,10.7,3.3,4.3,0.8,3.5,4.3,6.1,1.0,0.2,2.9,2.9,19.1
Gordon Hayward,36.0,14.8,1.8,5.0,5.0,9.8,4.1,5.0,0.9,5.0,5.9,4.0,1.1,0.3,2.2,2.0,19.7
Gorgui Dieng,36.0,10.2,0.5,1.5,4.6,8.8,2.5,3.1,2.6,7.1,9.7,2.3,1.5,1.5,1.8,3.8,13.2
Grant Williams,36.0,7.4,0.7,3.3,2.1,4.1,1.4,1.9,2.1,4.1,6.2,2.4,1.0,1.2,1.7,5.7,8.1
Grayson Allen,36.0,13.5,2.9,7.7,2.9,6.0,2.7,3.4,0.2,3.1,3.4,2.4,0.5,0.2,2.2,3.1,17.2
Greg Monroe,36.0,14.2,0.0,0.0,7.6,14.2,3.4,4.7,3.6,7.6,11.1,3.2,1.5,0.8,2.6,3.1,18.6
Guerschon Yabusele,36.0,10.4,1.6,4.9,2.7,5.5,2.2,3.3,2.7,4.9,7.6,2.2,1.1,1.1,2.2,3.8,12.5
Hamidou Diallo,36.0,11.8,0.5,2.0,4.7,9.6,2.0,3.2,2.0,4.7,6.6,1.2,1.5,0.5,2.0,4.4,12.7
Harrison Barnes,36.0,14.2,1.6,4.3,4.8,9.9,3.0,3.6,1.1,4.4,5.4,1.9,0.7,0.2,1.3,1.6,17.4
Harry Giles,36.0,14.6,0.0,0.3,7.6,14.3,2.3,3.3,2.5,7.3,9.8,3.5,1.3,1.0,2.8,6.5,17.6
Hassan Whiteside,36.0,13.4,0.0,0.1,7.8,13.4,3.1,5.0,4.6,11.5,16.0,1.0,0.8,3.2,2.2,3.6,18.8
Henry Ellenson,36.0,15.3,2.3,6.7,3.5,8.6,2.3,3.1,1.2,8.2,9.4,2.0,0.8,0.0,2.0,2.7,15.7
Hollis Thompson,36.0,10.9,2.2,6.1,2.0,4.9,1.2,1.6,0.9,3.9,4.8,1.6,0.7,0.4,1.0,3.2,11.9
Ian Clark,36.0,13.2,1.9,5.5,3.8,7.4,1.2,1.7,0.5,3.1,3.6,3.1,1.0,0.2,1.9,3.1,14.9
Ian Mahinmi,36.0,8.4,0.0,0.4,4.5,8.1,2.8,4.5,3.4,6.6,9.8,1.9,1.5,1.5,2.2,5.4,12.2
Iman Shumpert,36.0,9.3,1.6,5.1,2.0,4.2,1.0,1.4,0.8,3.9,4.6,2.4,1.4,0.4,1.5,3.0,10.0
Isaac Bonga,36.0,6.9,0.7,2.1,2.5,4.8,2.1,2.5,2.1,4.4,6.5,2.3,1.4,0.7,1.6,4.4,9.2
Isaiah Briscoe,36.0,8.8,0.8,2.3,2.8,6.8,1.0,1.8,0.3,4.5,4.8,5.5,0.8,0.3,2.0,4.3,8.8
Isaiah Canaan,36.0,11.9,2.5,7.5,1.8,4.5,2.5,2.8,0.3,2.8,3.3,3.3,1.2,0.2,1.8,2.5,13.8
Isaiah Hartenstein,36.0,8.0,0.0,0.8,4.5,7.2,2.3,3.0,3.8,6.4,10.2,2.3,1.1,1.9,2.3,7.2,11.7
Isaiah Taylor,36.0,11.7,0.6,2.5,4.2,9.2,2.9,4.2,0.6,2.1,2.9,6.1,1.0,0.4,2.5,3.6,13.2
Isaiah Thomas,36.0,19.0,2.8,7.6,5.5,11.4,6.3,7.2,0.6,2.4,3.0,6.4,1.0,0.1,3.2,2.4,25.5
Isaiah Whitehead,36.0,11.8,1.1,3.3,3.9,8.4,2.1,2.6,0.7,3.5,4.2,4.2,1.1,0.7,3.3,3.9,12.6
Ish Smith,36.0,14.4,0.8,2.7,5.5,11.7,1.6,2.1,0.6,3.8,4.4,7.1,1.1,0.4,2.1,2.4,15.0
Ivan Rabb,36.0,10.6,0.0,0.5,5.7,10.1,2.2,3.0,3.5,6.9,10.6,2.5,0.7,0.7,2.0,4.2,14.1
Ivica Zubac,36.0,11.9,0.0,0.0,6.8,11.9,3.2,4.1,4.3,8.3,12.6,2.0,0.5,1.8,2.0,4.5,16.7
JJ Barea,36.0,16.0,2.4,6.4,4.5,9.6,1.9,2.4,0.5,3.5,4.0,8.6,0.7,0.0,3.0,2.0,18.0
JJ Hickson,36.0,12.7,0.0,0.0,6.6,12.7,3.7,8.4,3.2,7.8,10.9,2.0,1.2,1.2,2.0,3.7,17.0
JJ Redick,36.0,14.9,3.5,8.1,3.2,6.7,3.4,3.7,0.2,2.6,2.9,2.6,0.6,0.1,1.6,2.1,20.4
JR Smith,36.0,11.2,2.7,7.1,1.8,4.1,0.6,0.9,0.5,2.9,3.4,2.2,1.1,0.3,1.0,2.8,12.2
Ja Morant,36.0,16.3,1.0,3.1,6.7,13.1,4.2,5.3,0.9,3.6,4.5,8.5,1.0,0.3,3.8,1.9,20.7
JaKarr Sampson,36.0,9.8,0.5,1.8,4.3,8.0,2.1,3.2,1.6,5.0,6.6,1.4,0.9,1.1,1.6,4.6,12.3
JaMychal Green,36.0,10.6,1.3,3.4,3.8,7.4,2.0,2.7,3.0,7.2,10.0,1.6,0.9,0.6,1.9,4.4,13.3
JaVale McGee,36.0,12.9,0.0,0.3,8.1,12.7,2.0,3.5,4.3,7.6,11.9,1.0,1.0,3.0,2.0,4.8,18.3
Jabari Parker,36.0,15.4,1.0,2.9,6.7,12.6,2.7,3.6,1.9,5.4,7.2,2.6,1.1,0.5,2.2,2.7,18.9
Jacob Evans,36.0,11.0,1.0,3.1,2.7,7.9,1.4,1.7,1.0,3.1,3.8,3.1,1.0,1.0,2.1,4.1,9.6
Jae Crowder,36.0,11.9,2.4,6.7,2.7,5.2,2.5,3.1,1.0,5.2,6.1,2.2,1.4,0.5,1.4,2.8,14.8
Jahlil Okafor,36.0,15.4,0.0,0.2,8.3,15.2,2.8,4.2,2.8,6.0,8.8,1.8,0.5,1.6,2.6,3.9,19.4
Jake Layman,36.0,11.8,1.6,5.3,3.7,6.6,1.3,2.1,1.3,3.7,5.0,1.3,1.1,0.8,1.3,3.2,13.9
Jakob Poeltl,36.0,8.3,0.0,0.0,5.2,8.3,1.3,2.6,4.4,6.1,10.5,2.2,0.9,2.2,1.7,4.6,12.0
Jalen Brunson,36.0,13.1,1.4,4.1,4.7,9.0,2.0,2.7,0.7,3.6,4.1,5.7,0.9,0.2,2.1,2.7,15.8
Jalen Jones,36.0,11.7,1.8,5.0,2.9,6.7,2.9,4.1,2.3,4.4,6.4,0.9,1.2,0.3,1.5,4.4,14.0
Jamal Crawford,36.0,15.1,2.0,6.0,4.2,9.1,3.1,3.5,0.3,2.0,2.3,4.2,0.9,0.3,2.2,2.0,17.4
Jamal Murray,36.0,16.0,2.2,6.3,4.8,9.7,2.8,3.2,1.0,3.5,4.4,4.6,1.1,0.4,2.3,2.3,19.2
Jameer Nelson,36.0,10.1,1.7,4.8,2.4,5.3,0.9,1.0,0.6,3.0,3.6,6.6,0.9,0.1,2.3,3.3,10.8
James Anderson,36.0,8.9,1.3,4.3,2.3,4.6,1.0,1.5,0.8,3.6,4.3,2.0,1.0,0.8,2.0,2.8,8.9
James Ennis,36.0,9.0,1.4,4.2,2.8,4.8,2.1,2.6,1.7,4.0,5.7,1.6,1.0,0.5,1.4,3.8,11.8
James Harden,36.0,20.7,3.7,10.3,5.4,10.3,9.1,10.6,0.9,5.6,6.5,8.3,1.8,0.7,4.8,2.7,31.1
James Johnson,36.0,11.9,1.3,3.9,4.4,7.8,2.0,3.0,1.1,5.0,6.1,4.4,1.3,1.3,2.7,3.6,14.7
James Jones,36.0,9.8,3.3,7.4,1.2,2.9,1.6,2.0,0.4,3.3,3.7,1.2,0.8,0.8,0.8,3.7,13.1
James Michael McAdoo,36.0,10.3,0.5,0.9,5.1,9.4,2.3,4.7,3.3,4.2,7.5,1.9,1.4,1.9,1.9,4.2,13.1
James Young,36.0,8.2,1.4,5.3,1.4,2.9,1.0,1.4,1.0,3.4,3.8,1.0,1.0,0.0,1.0,2.9,8.6
Jared Cunningham,36.0,9.3,1.2,3.5,1.9,5.8,3.1,4.6,0.4,3.1,3.5,1.9,1.2,0.0,1.9,3.5,10.5
Jared Dudley,36.0,7.8,1.7,4.5,1.9,3.4,1.1,1.5,0.7,4.3,5.0,3.0,1.1,0.4,1.5,3.7,9.9
Jared Sullinger,36.0,15.1,0.5,2.1,5.9,13.0,2.0,2.9,3.6,8.8,12.4,3.4,1.5,0.8,2.0,4.1,15.5
Jarell Eddie,36.0,14.1,3.4,10.7,1.1,3.4,2.8,2.8,0.6,4.5,5.1,0.6,1.1,0.0,0.6,1.1,14.6
Jarell Martin,36.0,10.6,0.7,2.3,3.8,8.4,2.3,2.9,2.3,5.4,7.9,1.4,0.9,0.9,1.8,5.0,12.2
Jaren Jackson,36.0,15.4,2.2,5.8,5.3,9.5,3.3,4.4,1.5,4.6,6.1,1.6,1.1,2.0,2.2,5.1,20.4
Jarrett Allen,36.0,9.5,0.0,0.4,5.8,9.0,3.3,4.6,3.7,7.9,11.6,1.8,0.7,2.1,1.8,3.3,15.0
Jarrett Culver,36.0,13.6,1.5,5.3,3.9,8.3,1.4,2.9,1.7,3.5,5.1,2.6,1.4,0.9,2.0,3.0,13.9
Jarrett Jack,36.0,11.1,0.8,2.6,3.8,8.5,2.2,2.6,0.4,4.1,4.5,8.1,0.9,0.1,2.9,2.5,12.2
Jason Smith,36.0,13.4,0.8,1.9,5.6,11.3,1.6,2.1,1.9,5.6,7.8,1.6,0.8,1.9,1.9,5.4,15.0
Jason Terry,36.0,8.1,2.1,5.8,1.2,2.3,0.6,0.8,0.4,2.1,2.5,2.7,1.4,0.4,1.2,2.5,9.3
Jason Thompson,36.0,8.3,0.4,1.1,3.6,7.2,2.9,4.0,2.5,7.9,10.4,2.2,1.1,1.4,1.1,6.1,11.2
Javonte Green,36.0,9.6,0.7,2.6,4.0,7.0,2.2,3.3,1.8,5.1,7.0,1.8,1.8,0.7,1.8,3.3,12.5
Jawun Evans,36.0,11.4,0.7,2.4,3.3,9.1,1.7,2.1,0.5,3.6,4.1,4.8,1.7,0.2,2.1,4.5,10.0
Jaxson Hayes,36.0,8.5,0.0,0.2,5.8,8.5,4.0,6.4,3.2,5.3,8.5,1.9,0.9,1.9,1.7,5.3,15.8
Jaylen Adams,36.0,9.1,2.0,6.3,1.1,3.1,0.6,0.9,0.9,4.0,5.1,5.4,1.1,0.3,2.3,3.7,9.1
Jaylen Brown,36.0,14.2,1.9,5.2,4.8,9.0,2.6,4.0,1.2,4.9,6.2,1.9,1.2,0.4,2.1,3.3,17.9
Jayson Tatum,36.0,15.6,2.0,5.1,5.1,10.4,3.3,4.1,0.9,5.8,6.8,2.5,1.4,0.9,1.9,2.4,19.6
Jeff Green,36.0,12.6,1.5,4.5,4.2,8.0,3.2,3.8,1.0,4.1,5.1,2.0,0.9,0.6,1.6,2.8,16.0
Jeff Teague,36.0,13.0,1.3,3.5,4.4,9.5,4.1,4.8,0.5,3.1,3.6,8.2,1.4,0.4,3.0,2.5,16.8
Jeff Withey,36.0,8.8,0.0,0.4,4.6,8.5,2.5,3.5,3.5,6.4,9.5,0.7,1.1,2.8,1.4,4.2,12.0
Jerami Grant,36.0,10.5,1.1,3.4,3.9,7.0,2.9,4.2,1.4,4.3,5.7,1.4,0.9,1.6,1.3,3.3,14.1
Jeremy Evans,36.0,6.9,0.4,2.2,3.0,4.8,2.2,3.0,1.7,6.1,7.8,0.4,0.9,1.3,1.3,2.6,10.4
Jeremy Lamb,36.0,15.0,1.7,4.9,5.2,10.2,3.0,3.6,0.9,5.8,6.7,2.7,1.2,0.6,1.4,2.7,18.2
Jeremy Lin,36.0,13.8,1.6,4.7,4.3,9.2,4.3,5.3,0.6,4.0,4.7,5.4,1.2,0.6,2.9,3.3,17.7
Jerian Grant,36.0,10.5,1.2,3.8,3.0,6.4,2.4,3.0,0.6,3.2,3.8,5.8,1.4,0.2,2.0,3.0,12.3
Jerome Robinson,36.0,11.7,1.9,5.9,2.7,5.9,1.3,1.9,0.5,4.3,4.8,2.9,1.1,0.5,1.6,4.3,12.0
Jerryd Bayless,36.0,10.9,2.2,5.5,2.3,5.5,1.5,1.9,0.6,2.8,3.4,3.9,1.0,0.1,1.7,2.9,12.4
Jevon Carter,36.0,10.1,2.3,6.0,1.4,4.4,1.1,1.4,1.1,3.2,4.4,3.7,1.8,0.7,1.6,3.4,10.8
Jimmy Butler,36.0,15.1,1.0,3.0,5.9,12.1,6.5,7.7,1.6,4.2,5.8,5.0,1.8,0.5,1.9,1.6,21.4
Joakim Noah,36.0,8.4,0.0,0.0,4.0,8.4,2.1,3.6,4.8,9.0,13.7,4.6,1.1,1.5,2.5,4.6,10.1
Jodie Meeks,36.0,12.7,2.4,6.7,2.7,6.0,3.1,3.6,0.4,3.6,4.0,2.2,1.1,0.2,1.3,1.8,16.0
Joe Harris,36.0,12.0,2.8,6.6,2.9,5.5,1.5,1.7,0.9,3.9,4.8,2.4,0.7,0.3,1.7,2.9,15.8
Joe Ingles,36.0,9.7,2.5,6.2,1.8,3.6,1.0,1.4,0.4,4.2,4.7,5.3,1.4,0.3,2.3,2.6,12.2
Joe Johnson,36.0,11.5,1.6,4.4,3.3,7.1,1.3,1.6,0.5,3.9,4.4,3.3,0.7,0.1,1.7,1.9,13.0
Joe Young,36.0,14.4,1.3,4.7,4.2,9.7,1.7,2.1,0.4,3.8,4.2,3.8,1.3,0.0,2.1,2.5,14.4
Joel Anthony,36.0,4.4,0.0,0.0,2.5,4.4,1.9,2.5,2.5,5.7,8.8,0.6,0.6,3.2,1.3,4.4,6.9
Joel Embiid,36.0,19.8,1.3,4.3,8.2,15.5,8.1,10.2,2.8,10.8,13.6,3.7,0.9,2.1,4.1,4.0,28.3
Joffrey Lauvergne,36.0,12.7,0.5,2.1,5.4,10.6,2.1,2.6,3.1,7.0,10.1,2.3,0.8,0.3,2.1,3.4,15.0
John Collins,36.0,14.4,0.9,2.5,7.3,11.8,3.3,4.3,3.7,7.5,11.2,2.0,0.8,1.4,2.2,3.9,20.6
John Henson,36.0,10.0,0.2,0.5,5.3,9.5,2.0,3.3,2.9,6.5,9.5,2.2,0.9,2.5,1.8,4.4,13.1
John Jenkins,36.0,11.8,1.6,4.8,3.2,7.0,1.6,1.9,0.6,3.5,4.1,2.5,0.3,0.0,1.6,1.3,13.4
John Wall,36.0,17.7,1.4,4.1,6.4,13.6,4.3,5.6,0.6,3.7,4.3,10.2,1.8,0.8,4.0,2.0,21.2
Johnathan Motley,36.0,15.6,0.0,0.9,8.4,14.7,4.4,7.1,3.6,7.1,10.7,2.7,0.9,0.4,3.1,4.9,21.8
Johnathan Williams,36.0,9.4,0.0,0.3,5.6,9.1,2.3,4.1,4.6,5.8,10.6,1.3,0.5,1.0,1.3,5.1,13.2
Johnny O'Bryant,36.0,11.2,0.6,1.2,4.0,9.9,1.6,1.9,2.8,5.0,7.8,1.6,0.6,0.3,1.6,4.3,11.2
Jon Leuer,36.0,12.1,0.9,2.8,5.0,9.4,2.0,2.6,2.0,6.6,8.6,2.0,0.7,0.6,1.7,3.3,14.7
Jonah Bolden,36.0,9.1,1.9,5.3,2.7,3.7,0.8,1.6,2.7,6.4,9.1,2.1,1.1,2.1,1.9,5.6,11.5
Jonas Jerebko,36.0,9.4,1.6,4.4,2.5,5.0,1.6,1.8,2.1,6.2,8.3,2.1,0.7,0.5,1.1,3.9,11.5
Jonas Valanciunas,36.0,13.8,0.3,0.9,7.6,13.0,3.5,4.5,3.9,9.8,13.7,1.6,0.6,1.5,2.3,3.9,19.5
Jonathan Isaac,36.0,11.2,1.4,4.2,3.5,7.0,2.0,2.4,1.8,5.9,7.5,1.5,1.5,2.1,1.5,2.8,13.0
Jonathon Simmons,36.0,12.1,1.1,3.2,4.4,9.0,2.8,3.9,0.9,3.3,4.2,3.3,1.1,0.4,2.3,3.5,14.6
Jordan Bell,36.0,8.7,0.0,0.3,4.8,8.4,1.5,2.4,2.7,6.3,9.3,3.9,1.2,2.4,2.1,3.6,11.4
Jordan Clarkson,36.0,17.3,2.1,6.2,5.5,11.1,2.5,3.0,1.1,3.0,4.1,3.2,1.2,0.1,2.2,2.1,20.0
Jordan Hill,36.0,12.9,0.0,0.0,6.5,12.9,2.0,3.0,3.7,7.0,10.7,2.0,0.9,0.9,2.2,3.7,15.1
Jordan McLaughlin,36.0,10.8,1.8,4.6,3.5,6.2,1.6,2.4,0.4,2.6,2.9,7.7,2.0,0.2,1.8,1.8,13.9
Jordan McRae,36.0,15.4,1.8,5.0,4.7,10.4,3.4,4.4,0.8,4.2,4.7,3.7,1.0,0.5,1.8,3.1,18.0
Jordan Mickey,36.0,10.6,0.0,1.4,4.3,9.1,1.9,3.4,2.9,6.7,9.6,1.4,0.5,1.9,1.9,3.8,11.5
Jordan Poole,36.0,14.1,2.1,7.4,2.6,6.8,2.7,3.4,0.3,3.1,3.4,3.9,1.0,0.3,2.1,2.6,14.1
Jose Calderon,36.0,7.9,1.3,3.6,2.1,4.2,0.8,1.0,0.6,3.4,3.8,5.4,1.0,0.2,1.7,2.7,9.2
Josh Hart,36.0,10.0,2.1,6.0,2.1,4.0,1.6,2.1,1.0,5.8,6.8,2.0,1.3,0.6,1.3,3.0,12.2
Josh Huestis,36.0,6.9,1.3,4.1,1.0,2.8,0.3,0.8,1.5,4.3,6.1,0.8,0.5,1.5,1.0,2.8,6.4
Josh Jackson,36.0,16.1,1.3,4.3,5.5,11.9,3.0,4.4,1.5,4.9,6.4,2.8,1.5,0.9,2.8,3.9,17.6
Josh McRoberts,36.0,9.7,1.0,2.9,2.7,6.8,1.2,1.7,1.7,4.8,6.5,4.8,1.0,0.5,1.9,3.6,9.4
Josh Okogie,36.0,9.9,1.0,4.0,2.8,5.8,3.0,3.9,1.3,3.9,5.3,2.1,1.6,0.6,1.6,3.3,12.0
Josh Richardson,36.0,12.4,1.9,5.2,3.4,7.3,2.0,2.5,0.8,2.9,3.8,3.4,1.3,0.8,1.8,2.9,14.5
Josh Smith,36.0,14.3,1.6,5.8,3.5,8.4,1.4,2.8,2.1,5.6,7.9,3.7,1.4,1.9,3.0,4.9,13.6
Jrue Holiday,36.0,16.5,1.7,5.0,5.9,11.5,2.6,3.4,0.9,3.6,4.6,7.2,1.6,0.7,3.0,2.5,19.6
Juan Hernangomez,36.0,9.4,1.8,5.1,2.2,4.2,2.0,2.7,1.8,5.8,7.6,1.6,0.9,0.4,1.1,2.7,11.9
Julius Randle,36.0,15.2,0.5,1.8,6.9,13.3,4.3,6.0,2.7,8.4,11.1,3.5,0.9,0.6,3.1,3.9,19.8
Justin Anderson,36.0,12.4,1.6,6.0,3.3,6.3,2.5,3.3,1.6,5.2,6.9,1.9,1.1,0.8,1.6,3.3,14.3
Justin Hamilton,36.0,11.5,1.8,5.5,3.7,6.1,1.2,1.6,2.2,5.9,8.0,1.8,1.0,1.4,1.4,2.7,13.5
Justin Holiday,36.0,11.1,2.3,6.4,2.1,4.7,1.4,1.9,0.6,4.0,4.6,2.1,1.6,0.7,1.4,2.4,12.7
Justin Jackson,36.0,10.7,1.7,5.2,3.0,5.5,1.1,1.5,0.9,3.9,4.8,1.8,0.7,0.4,0.7,2.2,12.0
Justin James,36.0,12.9,1.1,4.5,3.9,8.4,1.7,3.4,1.1,3.9,5.1,2.8,1.1,1.1,1.1,2.8,14.1
Justise Winslow,36.0,10.8,1.0,2.9,3.5,7.9,1.5,2.3,1.3,5.5,6.8,3.4,1.1,0.5,1.9,3.2,11.4
Jusuf Nurkic,36.0,15.3,0.0,0.3,7.7,15.0,3.8,5.6,3.8,8.7,12.5,3.2,1.3,2.1,3.2,4.6,19.2
KJ McDaniels,36.0,11.7,1.3,4.6,3.8,7.1,2.9,3.3,1.7,4.6,5.9,1.3,1.3,1.3,2.1,3.8,14.2
Kadeem Allen,36.0,11.6,1.3,3.4,3.7,8.2,3.2,4.2,0.8,3.2,4.0,6.1,1.3,0.5,2.4,3.7,14.6
Karl-Anthony Towns,36.0,16.7,1.5,3.8,7.4,13.1,4.3,5.2,3.2,9.0,12.3,2.9,0.8,1.6,2.6,3.5,23.8
Kawhi Leonard,36.0,19.3,2.1,5.4,7.3,13.8,6.1,7.0,1.3,6.0,7.2,3.8,2.0,0.8,2.2,1.9,26.9
Kay Felder,36.0,15.4,0.8,2.8,4.7,12.7,3.2,4.4,0.4,3.6,4.0,5.1,1.6,0.4,3.2,3.2,15.0
Keita Bates-Diop,36.0,10.9,1.3,4.5,3.2,6.4,2.1,3.0,1.3,4.9,6.0,1.3,1.1,1.1,0.9,2.1,12.6
Kelan Martin,36.0,13.0,1.8,7.0,3.4,6.1,2.2,2.2,0.9,6.1,7.0,1.6,0.5,0.7,1.4,3.6,14.4
Kelly Olynyk,36.0,12.3,2.2,5.7,3.7,6.6,2.5,3.2,1.7,6.4,8.1,3.4,1.2,0.7,2.4,4.4,16.5
Kelly Oubre,36.0,13.3,1.8,5.5,3.9,7.9,2.8,3.7,1.2,4.9,6.1,1.3,1.3,0.7,1.5,3.9,16.3
Kemba Walker,36.0,18.7,3.0,8.1,5.0,10.6,4.5,5.4,0.6,3.6,4.1,5.7,1.3,0.4,2.3,1.6,23.7
Kendrick Nunn,36.0,16.7,2.5,7.1,4.8,9.6,1.6,1.8,0.4,2.9,3.3,4.1,1.0,0.2,2.1,2.8,18.8
Kendrick Perkins,36.0,4.9,0.0,0.0,2.7,4.9,0.7,1.7,1.7,6.6,8.3,2.2,0.7,0.7,2.7,4.2,6.1
Kenneth Faried,36.0,12.6,0.0,0.3,7.0,12.2,3.2,4.8,5.1,7.5,12.4,1.5,0.8,1.2,1.7,3.7,17.2
Kenrich Williams,36.0,8.0,1.4,4.8,1.6,3.2,0.5,0.8,1.9,5.6,7.7,2.6,1.3,0.8,1.1,3.5,7.8
Kent Bazemore,36.0,13.1,1.9,5.5,3.6,7.7,2.5,3.3,0.7,4.9,5.6,3.3,1.8,0.8,2.5,3.4,15.3
Kentavious Caldwell-Pope,36.0,12.3,2.1,5.9,3.2,6.3,2.2,2.7,0.8,3.2,4.0,2.2,1.4,0.2,1.3,2.1,14.7
Kevin Durant,36.0,18.6,2.3,5.9,7.4,12.7,5.9,6.7,0.5,7.1,7.7,5.5,0.9,1.5,3.0,2.0,27.5
Kevin Garnett,36.0,7.4,0.0,0.0,3.5,7.4,1.0,1.5,1.0,8.9,9.6,3.9,1.7,0.7,1.0,4.4,7.9
Kevin Huerter,36.0,12.0,2.5,6.4,2.5,5.4,0.9,1.1,0.9,3.6,4.5,4.1,1.1,0.5,1.9,2.7,13.4
Kevin Knox,36.0,14.3,2.1,6.1,3.2,8.2,2.4,3.5,0.9,4.7,5.6,1.5,0.8,0.6,1.7,3.0,15.0
Kevin Love,36.0,15.5,2.7,7.3,3.9,8.2,4.5,5.2,2.1,9.8,12.0,2.7,0.8,0.5,2.4,2.4,20.6
Kevin Martin,36.0,13.7,1.6,4.5,3.4,9.2,5.1,5.6,0.5,3.1,3.6,2.0,0.9,0.2,1.8,2.7,16.8
Kevin Porter,36.0,13.0,1.7,5.0,4.2,8.2,2.3,3.1,0.6,4.3,5.0,3.4,1.4,0.5,2.9,4.2,15.5
Kevin Seraphin,36.0,13.5,0.0,0.0,6.4,13.2,1.0,1.6,2.2,6.4,9.0,2.2,0.6,1.9,2.2,4.5,13.8
Kevon Looney,36.0,8.5,0.0,0.5,4.7,8.0,1.6,2.6,4.1,5.4,9.6,2.6,1.3,1.6,1.3,4.9,11.4
Khem Birch,36.0,7.1,0.0,0.0,4.0,7.1,2.8,4.2,4.0,5.9,9.9,2.1,0.9,1.2,1.2,3.8,10.6
Khris Middleton,36.0,15.9,2.2,5.6,5.2,10.4,3.6,4.1,0.6,5.0,5.6,4.4,1.4,0.2,2.5,2.8,20.4
Khyri Thomas,36.0,12.0,1.9,6.7,1.9,5.3,1.4,1.9,0.5,2.4,2.9,1.4,1.4,0.5,1.0,4.3,11.0
Kirk Hinrich,36.0,7.4,1.3,3.4,1.3,3.9,0.8,0.8,0.5,3.4,3.9,4.2,0.8,0.0,1.8,3.7,7.9
Klay Thompson,36.0,18.4,3.5,8.3,5.2,10.1,2.0,2.3,0.5,3.5,4.0,2.4,1.0,0.6,1.7,1.9,22.8
Kobe Bryant,36.0,21.6,2.6,9.1,5.1,12.5,4.5,5.5,0.8,4.0,4.7,3.6,1.1,0.3,2.6,2.2,22.5
Kobi Simmons,36.0,10.5,0.6,2.2,3.9,8.3,1.5,1.5,0.7,2.0,2.8,3.9,0.9,0.4,2.4,3.3,10.9
Kosta Koufos,36.0,10.4,0.0,0.0,5.7,10.4,1.0,2.0,3.7,7.5,11.0,1.6,1.0,1.2,1.4,4.3,12.2
Kris Dunn,36.0,11.9,0.9,2.7,4.1,9.2,1.3,1.9,0.6,4.4,4.9,6.2,2.2,0.6,2.7,4.4,12.3
Kris Humphries,36.0,12.1,1.3,3.9,3.6,8.2,3.1,3.9,2.8,7.2,10.0,1.5,0.8,1.0,1.5,3.9,14.1
Kristaps Porzingis,36.0,17.5,2.0,5.7,5.7,11.9,4.0,5.0,2.0,6.9,8.8,1.6,0.8,2.3,2.0,3.7,21.2
Ky Bowman,36.0,11.3,1.1,3.8,3.5,7.6,1.3,1.4,0.8,3.5,4.3,4.6,1.6,0.3,2.5,3.7,11.8
Kyle Anderson,36.0,8.1,0.4,1.4,3.7,6.8,1.6,2.3,1.2,6.0,7.2,3.7,1.8,1.1,1.6,2.6,10.0
Kyle Collinsworth,36.0,7.4,0.2,1.2,2.6,6.2,1.7,2.9,2.4,5.5,7.9,4.3,1.2,0.7,1.9,3.4,7.7
Kyle Korver,36.0,10.8,3.3,7.6,1.6,3.0,1.1,1.2,0.3,3.7,4.1,2.3,0.8,0.5,1.4,2.6,13.7
Kyle Kuzma,36.0,16.1,2.2,6.5,5.0,9.6,2.6,3.5,1.2,5.4,6.6,2.3,0.7,0.5,2.2,2.6,19.2
Kyle Lowry,36.0,13.9,3.0,7.6,3.1,6.2,4.2,5.0,0.7,4.4,5.1,7.3,1.5,0.4,2.9,2.8,19.0
Kyle O'Quinn,36.0,11.5,0.3,0.8,5.7,10.7,2.1,2.9,3.7,8.6,12.3,3.9,1.0,2.6,2.6,5.2,14.3
Kyle Singler,36.0,8.2,0.9,3.4,2.3,4.8,1.1,2.0,1.4,3.4,5.1,0.9,0.9,0.3,1.1,4.0,8.8
Kyrie Irving,36.0,20.1,2.6,6.7,7.0,13.4,4.0,4.5,0.9,3.4,4.2,6.3,1.3,0.4,2.7,2.4,25.9
LaMarcus Aldridge,36.0,17.3,0.3,1.1,8.3,16.2,4.1,4.9,3.0,6.2,9.1,2.2,0.7,1.4,1.7,2.4,21.9
Lamar Patterson,36.0,7.9,1.0,4.6,1.3,3.3,1.3,2.0,0.3,4.3,4.6,3.6,0.7,0.0,2.3,4.3,7.6
Lance Stephenson,36.0,13.2,1.3,4.0,4.5,9.2,1.8,2.5,1.1,6.0,7.1,4.3,1.1,0.4,2.5,3.4,14.8
Lance Thomas,36.0,8.9,1.3,3.3,2.4,5.5,1.8,2.0,1.1,3.5,4.6,1.3,0.7,0.2,1.3,3.3,10.3
Landry Shamet,36.0,10.5,3.1,7.6,1.3,2.8,1.6,1.9,0.3,2.3,2.6,2.3,0.6,0.3,1.0,3.2,13.4
Langston Galloway,36.0,11.9,2.5,6.8,2.3,5.3,1.5,1.8,0.8,3.1,4.0,2.5,1.2,0.2,0.8,2.5,13.4
Larry Nance,36.0,9.7,0.5,1.5,4.7,8.1,1.5,2.3,3.2,7.0,10.1,2.8,1.8,0.8,1.5,3.5,12.4
Lauri Markkanen,36.0,15.5,2.6,7.3,4.1,8.2,3.1,3.5,1.5,7.4,8.9,1.5,0.8,0.7,1.8,2.2,18.9
Lavoy Allen,36.0,7.8,0.0,0.0,3.9,7.8,1.0,1.6,3.9,5.5,9.4,2.0,0.6,1.0,1.4,3.3,8.8
LeBron James,36.0,18.9,1.7,5.0,8.2,14.0,4.7,6.6,1.2,7.0,8.2,8.6,1.3,0.7,3.8,1.8,26.3
Leandro Barbosa,36.0,13.4,1.2,3.6,4.8,9.8,1.7,1.9,0.7,3.1,3.8,2.9,1.4,0.2,1.7,3.3,15.0
Lonnie Walker,36.0,13.2,1.5,3.8,4.1,9.4,1.8,2.3,0.8,4.3,5.1,2.5,1.3,0.5,1.5,2.8,14.2
Lonzo Ball,36.0,11.7,2.1,6.4,2.5,5.5,0.7,1.3,1.3,5.5,6.8,7.4,1.7,0.7,3.0,2.5,11.9
Lorenzo Brown,36.0,11.3,0.8,4.2,3.3,7.1,0.8,0.8,0.4,4.2,4.6,4.6,1.7,0.4,2.5,2.9,9.2
Lou Williams,36.0,17.7,2.3,6.5,5.2,11.2,6.6,7.7,0.6,2.8,3.4,5.5,1.1,0.3,3.1,1.7,24.0
Luc Mbah a Moute,36.0,7.3,0.9,2.6,2.6,4.8,1.2,1.9,1.0,3.1,4.1,1.0,1.5,0.7,1.2,2.6,9.2
Lucas Nogueira,36.0,5.9,0.3,0.8,3.7,5.1,1.4,2.2,2.5,5.3,7.9,1.4,1.7,3.1,1.4,4.5,9.3
Luguentz Dort,36.0,9.6,1.3,4.4,2.5,5.1,1.9,2.4,1.1,2.5,3.5,1.3,1.4,0.2,0.9,4.3,10.7
Luis Scola,36.0,12.9,1.3,3.7,4.4,9.2,1.5,2.1,2.3,6.2,8.7,1.7,1.0,0.6,1.7,4.2,14.6
Luka Doncic,36.0,20.2,2.7,8.7,6.1,11.4,6.4,8.7,1.3,8.0,9.3,8.0,1.1,0.3,4.2,2.4,27.1
Luke Babbitt,36.0,10.9,2.7,6.6,1.8,4.3,0.9,1.1,0.7,4.8,5.2,1.6,0.5,0.5,0.9,3.6,12.5
Luke Kennard,36.0,12.5,2.5,6.0,3.1,6.3,1.7,2.0,0.5,3.9,4.3,3.4,0.8,0.3,1.5,2.3,15.1
Luke Kornet,36.0,12.7,2.9,8.1,2.4,4.6,1.3,1.8,1.3,4.8,6.1,2.4,0.9,1.8,1.1,2.6,14.5
Luol Deng,36.0,10.8,1.3,3.9,3.5,6.9,1.8,2.4,1.5,5.3,6.8,1.9,1.2,0.5,1.2,1.8,12.6
Malachi Richardson,36.0,10.9,1.6,5.3,2.4,5.3,2.0,2.8,0.4,3.6,4.0,1.2,0.8,0.0,1.6,3.6,11.3
Malcolm Brogdon,36.0,13.7,1.6,4.3,4.8,9.4,2.5,2.9,1.0,3.9,4.8,5.5,1.1,0.3,2.1,2.4,17.1
Malcolm Delaney,36.0,10.7,1.2,3.6,2.8,7.1,2.4,3.0,0.2,3.2,3.6,5.7,1.2,0.2,2.6,3.0,11.5
Malcolm Miller,36.0,8.6,2.7,6.4,1.1,2.1,1.1,1.6,0.5,2.7,3.8,1.6,0.5,0.5,1.1,3.2,10.7
Malik Beasley,36.0,14.3,2.9,7.4,3.5,6.8,1.2,1.7,0.6,3.5,4.1,2.1,1.0,0.2,1.4,2.3,17.0
Malik Monk,36.0,16.3,2.7,8.6,3.8,8.0,2.3,2.7,0.6,3.3,4.0,3.6,0.8,0.4,2.3,2.7,18.0
Manu Ginobili,36.0,13.0,2.2,5.8,3.3,7.1,2.8,3.3,0.7,3.5,4.3,5.0,1.9,0.4,3.0,3.3,16.0
MarShon Brooks,36.0,16.8,2.0,5.4,5.8,11.4,2.7,3.6,1.3,2.9,4.2,3.1,1.3,0.4,2.2,2.5,20.6
Marc Gasol,36.0,14.1,1.3,3.5,4.9,10.5,3.5,4.3,1.1,7.1,8.1,4.6,1.0,1.3,2.4,2.9,17.3
Marcelo Huertas,36.0,9.6,0.7,2.7,3.2,7.2,1.2,1.5,0.7,3.0,3.7,7.6,1.2,0.2,3.2,3.0,9.6
Marcin Gortat,36.0,10.2,0.0,0.0,5.7,10.2,1.9,2.7,3.4,8.4,11.7,2.0,0.7,1.1,1.9,3.2,13.3
Marco Belinelli,36.0,13.4,2.5,6.8,3.0,6.5,2.5,2.9,0.3,3.0,3.3,2.7,0.8,0.2,1.4,1.9,16.2
Marcus Georges-Hunt,36.0,7.4,0.6,2.5,2.5,5.0,3.1,4.3,1.2,2.5,3.1,1.2,0.6,0.0,0.6,5.0,9.9
Marcus Morris,36.0,13.9,2.0,5.3,4.1,8.6,2.7,3.4,1.2,4.9,6.0,2.1,0.8,0.3,1.6,2.7,16.7
Marcus Smart,36.0,11.2,1.8,5.8,2.3,5.4,2.5,3.1,1.1,3.3,4.4,5.3,2.0,0.5,2.2,3.2,12.7
Marcus Thornton,36.0,16.1,2.6,7.4,3.8,8.6,2.0,2.2,1.2,3.6,4.8,2.6,1.4,0.2,1.6,3.0,17.3
Mario Chalmers,36.0,11.5,1.3,4.4,3.3,7.0,4.3,5.1,0.5,3.6,4.1,5.6,2.1,0.3,2.9,4.6,14.6
Mario Hezonja,36.0,12.1,1.6,4.9,3.5,7.2,1.8,2.3,0.8,5.3,6.0,2.5,1.4,0.4,2.1,3.3,13.4
Markel Brown,36.0,11.8,1.4,4.5,3.3,7.3,2.6,3.3,0.9,3.8,4.5,3.3,1.4,0.5,1.9,3.5,13.2
Markelle Fultz,36.0,14.0,0.6,2.0,5.8,12.0,2.0,3.0,1.0,3.7,4.7,6.5,1.6,0.3,2.5,3.0,15.1
Markieff Morris,36.0,13.8,1.5,4.2,4.6,9.6,2.2,2.8,1.5,5.9,7.5,2.4,1.1,0.7,2.2,4.1,16.2
Marko Guduric,36.0,11.8,2.0,6.2,2.6,5.6,1.6,2.0,1.0,4.3,5.6,3.3,1.0,0.7,2.6,2.6,12.8
Marquese Chriss,36.0,12.1,1.1,3.9,4.5,8.4,2.6,3.9,2.4,6.7,9.1,2.0,1.3,1.5,2.4,4.8,14.8
Marreese Speights,36.0,17.5,2.6,7.4,4.8,10.1,3.2,4.0,2.4,7.1,9.5,2.1,0.5,1.3,2.1,5.8,20.9
Marvin Bagley,36.0,16.5,0.7,2.3,7.5,14.4,3.8,5.5,3.6,7.1,10.8,1.4,0.7,1.3,2.1,3.1,21.1
Marvin Williams,36.0,10.7,2.1,5.8,2.5,5.0,1.7,2.0,1.5,5.8,7.2,1.7,1.1,0.9,0.9,2.3,13.2
Mason Plumlee,36.0,9.5,0.0,0.2,5.3,9.4,2.9,5.0,3.2,7.3,10.5,4.5,1.3,1.6,2.6,4.5,13.6
Matisse Thybulle,36.0,7.5,1.6,4.4,1.6,3.1,0.7,1.1,1.3,1.8,2.9,2.2,2.5,1.3,1.5,4.0,8.5
Matt Barnes,36.0,10.6,1.9,5.7,2.2,4.9,1.6,2.0,1.4,5.9,7.4,3.3,1.1,0.8,2.0,3.8,11.7
Matt Thomas,36.0,12.4,3.7,8.1,2.0,4.0,0.7,1.0,0.7,4.4,5.0,1.7,0.7,0.0,1.3,3.0,16.5
Matthew Dellavedova,36.0,9.4,1.5,4.5,2.1,5.0,1.4,1.5,0.5,2.6,3.1,7.0,0.9,0.0,2.4,3.3,10.3
Maurice Harkless,36.0,9.3,1.1,3.1,3.6,6.2,1.2,2.0,1.9,4.0,5.9,1.6,1.4,1.1,1.4,3.4,11.5
Maurice Ndour,36.0,9.4,0.0,0.7,4.2,8.7,2.1,2.8,2.4,4.5,7.0,0.7,1.7,0.7,1.4,3.1,10.8
Maxi Kleber,36.0,9.5,1.9,5.3,2.5,4.2,1.4,1.7,2.2,5.3,7.5,1.7,0.7,1.7,1.2,3.4,12.1
Metta World Peace,36.0,11.8,1.7,5.8,1.7,5.8,2.3,3.5,1.2,4.0,5.2,1.7,1.4,0.6,1.2,4.0,11.2
Meyers Leonard,36.0,10.4,2.1,5.3,2.8,5.1,1.1,1.3,1.3,7.2,8.5,2.3,0.4,0.4,1.5,4.7,12.8
Michael Beasley,36.0,17.5,0.6,1.8,8.5,15.7,3.0,3.9,2.0,6.5,8.5,2.4,1.0,1.0,3.0,3.5,21.6
Michael Carter-Williams,36.0,11.8,0.5,2.3,4.1,9.4,2.9,3.7,1.4,4.8,6.2,5.5,1.8,1.1,2.7,3.9,12.8
Michael Kidd-Gilchrist,36.0,10.0,0.2,0.5,4.6,9.5,2.5,3.2,2.2,5.4,7.5,1.7,1.1,0.9,1.1,3.2,12.3
Michael Porter,36.0,15.4,2.4,5.9,5.3,9.4,2.4,2.9,2.6,7.7,10.3,1.8,1.1,1.1,2.0,4.0,20.4
Mikal Bridges,36.0,8.5,1.4,4.1,2.5,4.4,1.6,1.9,1.0,3.5,4.5,2.4,1.9,0.6,1.1,2.9,10.9
Mike Conley,36.0,15.8,2.4,6.2,4.5,9.6,4.5,5.4,0.6,3.0,3.6,6.5,1.4,0.3,2.1,2.1,20.5
Mike Dunleavy,36.0,9.6,2.2,5.5,1.8,4.1,1.6,2.0,0.6,3.9,4.7,2.2,0.6,0.4,1.2,3.1,11.5
Mike James,36.0,16.8,1.3,5.1,5.1,11.7,3.4,4.3,0.8,4.0,4.7,6.6,1.5,0.4,2.6,2.5,17.5
Mike Miller,36.0,6.0,1.8,5.1,0.5,0.9,0.0,0.0,0.5,5.5,6.5,4.2,0.9,0.5,1.8,4.2,6.5
Mike Muscala,36.0,10.3,2.0,5.4,2.7,4.9,1.8,2.0,1.8,5.4,7.2,2.2,0.9,1.1,1.3,3.4,13.0
Mike Scott,36.0,11.7,2.1,5.5,3.2,6.2,1.1,1.5,1.5,5.3,6.8,1.9,0.6,0.4,1.3,3.4,13.8
Miles Bridges,36.0,12.3,1.6,4.8,3.8,7.5,1.6,2.0,1.6,5.2,6.6,2.0,1.0,1.0,1.4,2.4,14.0
Miles Plumlee,36.0,8.1,0.0,0.0,4.7,8.1,1.6,2.9,3.4,5.5,8.7,1.6,0.8,1.3,2.1,3.4,11.0
Milos Teodosic,36.0,11.3,2.7,7.2,2.0,4.0,1.2,1.5,0.5,3.4,4.0,6.7,0.7,0.2,3.4,3.7,13.5
Mindaugas Kuzminskas,36.0,13.1,1.9,5.8,3.6,7.1,1.9,2.4,1.7,2.7,4.4,2.4,1.0,0.5,1.7,2.7,15.1
Mirza Teletovic,36.0,15.2,3.7,9.8,2.5,5.4,1.9,2.5,0.8,5.0,6.0,1.7,0.6,0.4,1.5,3.5,18.1
Mitchell Robinson,36.0,8.3,0.0,0.0,5.9,8.3,2.1,3.6,4.8,6.3,11.1,1.0,1.3,3.6,1.0,5.3,14.0
Mo Bamba,36.0,11.7,1.2,3.8,4.3,7.6,1.4,2.4,3.6,8.1,11.7,1.7,0.7,3.3,1.9,4.8,13.6
Mo Williams,36.0,14.6,1.8,4.9,4.5,9.7,1.8,2.0,0.2,3.2,3.6,4.7,0.6,0.2,2.8,3.0,16.2
Monta Ellis,36.0,12.0,0.9,3.2,4.2,8.9,1.9,2.6,0.5,3.2,3.7,4.7,1.8,0.5,2.6,2.5,13.3
Monte Morris,36.0,12.7,1.6,3.9,4.5,8.6,1.4,1.7,0.6,2.7,3.3,5.5,1.3,0.2,1.1,1.7,15.0
Montrezl Harrell,36.0,14.5,0.0,0.3,9.0,14.3,4.0,6.2,2.9,5.5,8.4,2.2,1.0,1.6,2.1,4.0,21.9
Moritz Wagner,36.0,12.3,1.2,4.4,4.7,7.9,3.5,4.2,2.0,6.4,8.6,2.2,1.0,1.0,3.0,5.9,16.8
Myles Turner,36.0,12.7,1.0,2.7,5.2,9.9,2.8,3.7,1.8,6.6,8.5,1.5,0.9,2.7,1.7,3.6,16.2
Nassir Little,36.0,9.4,0.9,3.6,3.3,5.7,1.8,2.7,1.8,4.8,6.7,1.5,0.9,0.9,0.9,4.5,10.9
Nemanja Bjelica,36.0,10.7,2.0,5.1,3.0,5.6,1.3,1.7,2.0,5.9,7.9,3.0,1.2,0.7,1.7,4.1,13.2
Nene,36.0,7.8,0.0,0.3,3.9,7.5,1.9,3.0,2.2,5.8,8.0,1.7,1.1,1.1,0.8,5.8,10.0
Nene Hilario,36.0,12.1,0.0,0.2,6.9,11.9,3.5,5.8,2.3,6.0,8.5,2.5,1.7,0.8,2.3,5.2,17.5
Nerlens Noel,36.0,9.8,0.0,0.0,5.6,9.8,2.4,3.5,3.3,7.1,10.4,1.8,2.2,2.4,2.2,4.5,13.6
Nick Collison,36.0,6.0,0.0,0.0,3.0,6.0,1.5,2.2,3.4,5.6,9.0,2.6,0.8,0.8,2.2,5.2,7.5
Nick Young,36.0,13.5,3.4,8.9,2.1,4.6,1.8,2.1,0.5,2.7,3.2,1.2,0.9,0.2,0.9,2.7,16.0
Nickeil Alexander-Walker,36.0,16.3,2.9,8.0,3.1,8.0,1.4,2.3,0.6,4.6,5.1,5.4,1.1,0.6,3.1,3.4,16.3
Nicolas Batum,36.0,11.4,1.8,5.1,3.0,6.3,2.1,2.6,0.9,5.3,6.1,5.5,1.1,0.6,2.5,1.7,13.5
Nicolas Brussino,36.0,9.8,2.0,6.7,1.6,3.1,1.2,1.6,1.6,4.7,6.7,3.1,1.2,0.4,1.6,2.7,10.2
Nicolo Melli,36.0,11.2,2.5,7.0,2.3,4.1,1.9,2.5,1.2,5.0,6.2,2.9,1.2,0.8,1.7,4.3,13.7
Nik Stauskas,36.0,10.9,2.2,6.3,2.0,4.6,1.9,2.4,0.5,3.4,3.9,2.9,0.9,0.3,1.9,2.2,12.8
Nikola Jokic,36.0,15.4,1.1,3.4,7.0,12.0,3.7,4.5,3.2,8.7,11.9,6.8,1.4,0.9,3.1,3.5,21.1
Nikola Mirotic,36.0,14.6,3.1,8.3,3.2,6.3,2.7,3.4,1.4,7.5,8.9,1.8,1.1,1.0,1.7,3.0,18.3
Nikola Vucevic,36.0,18.3,0.9,2.8,8.1,15.6,2.1,2.8,2.8,9.4,12.2,3.9,1.1,1.2,2.1,2.7,21.1
Noah Vonleh,36.0,8.6,0.6,1.9,3.5,6.8,1.9,2.7,2.9,8.0,10.9,1.6,0.8,0.8,1.6,3.9,10.5
Norman Powell,36.0,13.2,1.9,5.6,4.0,7.7,2.5,3.1,0.6,4.0,4.6,2.5,1.3,0.4,1.9,3.1,16.5
Norris Cole,36.0,14.5,0.9,3.2,4.7,11.5,1.6,2.1,0.3,4.1,4.4,4.9,1.3,0.2,2.2,3.3,14.2
OG Anunoby,36.0,9.7,1.7,4.6,2.9,5.1,1.1,1.7,1.4,4.2,5.4,1.5,1.4,0.6,1.4,3.2,12.1
OJ Mayo,36.0,10.6,1.8,5.4,2.2,5.3,1.1,1.4,0.4,3.0,3.5,3.9,1.6,0.3,2.4,4.2,10.6
Okaro White,36.0,6.8,1.1,3.1,1.4,3.7,1.4,1.7,2.0,4.3,6.2,1.4,0.6,0.6,1.1,3.7,7.7
Omari Spellman,36.0,11.5,1.8,5.1,3.0,6.5,2.2,2.8,3.2,5.7,8.7,2.0,1.2,1.0,1.8,2.8,13.8
Omer Asik,36.0,5.5,0.0,0.0,2.8,5.5,1.8,3.2,3.4,8.7,12.2,0.9,0.5,0.7,1.6,3.9,7.3
Omri Casspi,36.0,10.9,1.5,3.7,4.1,7.4,2.0,3.0,1.3,6.6,7.9,2.0,1.1,0.4,1.7,3.0,14.6
Otto Porter,36.0,12.3,2.0,4.8,4.1,7.6,1.5,1.9,1.5,5.2,6.8,2.1,1.6,0.6,1.0,2.4,15.5
PJ Dozier,36.0,14.0,1.4,4.3,4.3,9.4,1.7,2.3,1.1,4.3,5.7,5.1,1.1,0.6,2.3,3.7,14.6
PJ Hairston,36.0,11.2,2.0,6.7,2.0,4.5,1.4,1.8,0.7,4.2,4.7,1.1,0.9,0.4,1.1,3.8,11.2
PJ Tucker,36.0,7.2,1.5,4.1,1.4,3.0,0.9,1.2,1.7,5.2,7.0,1.6,1.5,0.5,1.2,3.1,8.2
PJ Washington,36.0,12.1,1.8,4.8,3.7,7.4,1.8,2.7,1.2,5.2,6.4,2.5,1.1,1.0,1.9,3.2,14.5
Pablo Prigioni,36.0,6.5,1.3,4.1,1.3,2.3,0.3,0.3,1.6,3.4,4.9,5.7,2.3,0.0,2.1,3.6,6.5
Pascal Siakam,36.0,13.8,1.2,3.6,5.7,10.2,2.8,3.6,1.7,6.1,7.7,3.2,1.1,1.0,2.1,3.4,17.7
Pat Connaughton,36.0,9.4,1.8,5.0,2.5,4.4,0.9,1.1,1.4,5.0,6.4,3.0,0.7,0.7,1.1,2.5,11.0
Patrick Beverley,36.0,9.5,2.0,5.2,1.9,4.2,1.3,1.6,1.4,4.7,6.1,4.7,1.5,0.5,1.6,4.2,11.2
Patrick McCaw,36.0,7.5,1.0,3.3,2.1,4.2,0.8,1.0,0.6,2.7,3.3,2.9,1.5,0.4,1.3,2.5,8.2
Patrick Patterson,36.0,8.8,2.1,5.6,1.5,3.1,1.0,1.1,1.3,4.8,6.1,1.7,1.0,0.6,1.0,2.3,10.0
Patty Mills,36.0,12.8,3.0,7.6,2.5,5.2,1.6,1.9,0.5,2.5,3.0,4.4,1.1,0.2,1.7,2.4,15.5
Pau Gasol,36.0,13.6,0.7,1.9,5.7,11.9,3.2,4.3,2.4,9.6,12.0,4.3,0.6,1.9,2.2,2.4,16.9
Paul George,36.0,18.5,3.1,8.0,5.0,10.5,5.0,5.9,0.9,5.8,6.9,3.8,1.9,0.4,3.0,2.9,24.3
Paul Millsap,36.0,13.9,1.2,3.4,5.3,10.6,4.0,5.3,2.4,6.5,9.0,3.2,1.6,1.3,2.3,3.4,18.1
Paul Pierce,36.0,11.1,2.2,6.9,2.0,4.4,1.6,1.8,0.2,5.3,5.6,2.0,0.9,0.4,1.8,4.0,12.0
Paul Zipser,36.0,9.7,1.5,4.4,2.1,5.3,1.1,1.5,0.6,4.9,5.5,1.7,0.8,0.6,1.7,3.6,10.0
Quincy Acy,36.0,9.4,2.0,5.5,2.0,3.9,2.0,2.4,1.5,5.7,7.2,1.3,0.9,0.9,1.3,4.1,11.8
Quincy Pondexter,36.0,7.9,0.6,2.8,2.2,5.1,3.4,4.5,1.1,4.5,5.6,2.2,1.1,0.0,1.7,3.4,10.7
Quinn Cook,36.0,14.1,2.4,6.0,4.1,8.1,0.7,1.0,0.7,3.6,4.3,4.1,0.7,0.0,1.9,2.9,16.2
RJ Barrett,36.0,15.4,1.3,4.1,4.9,11.2,3.3,5.3,1.1,4.9,5.9,3.1,1.2,0.4,2.6,2.6,16.9
RJ Hunter,36.0,11.9,2.5,8.2,2.0,4.1,0.8,0.8,0.4,4.1,4.1,1.6,1.6,0.4,1.2,3.7,12.3
Rajon Rondo,36.0,11.1,1.0,3.1,3.7,8.1,0.8,1.4,1.0,5.1,6.1,10.4,1.8,0.1,3.5,2.6,11.5
Ramon Sessions,36.0,12.3,0.8,2.4,4.4,9.7,4.4,5.8,0.6,3.4,4.0,5.6,1.0,0.2,2.4,2.2,15.9
Randy Foye,36.0,10.0,1.7,5.5,1.8,4.4,1.5,1.7,0.4,3.5,3.9,3.7,0.9,0.6,2.0,2.8,10.2
Rashad Vaughn,36.0,10.2,1.8,5.7,1.8,4.5,0.3,0.6,0.3,3.0,3.3,1.5,1.2,0.6,0.9,2.7,9.0
Rasual Butler,36.0,8.8,1.1,4.2,2.7,4.6,0.8,1.1,0.4,4.6,4.6,1.9,1.1,1.9,0.8,0.8,10.3
Raul Neto,36.0,10.7,1.6,3.9,3.4,6.8,1.6,2.1,0.5,2.9,3.4,5.0,1.3,0.3,2.6,3.1,12.8
Ray McCallum,36.0,11.2,1.2,3.1,3.1,7.8,0.9,1.2,0.6,3.1,3.4,4.7,0.9,0.6,1.9,2.2,10.2
Raymond Felton,36.0,11.9,1.4,4.2,3.7,7.9,1.6,1.9,0.7,3.7,4.2,4.7,1.2,0.4,1.9,2.5,12.8
Reggie Bullock,36.0,11.1,2.5,6.3,2.3,4.8,1.1,1.2,0.6,3.1,3.7,2.3,0.9,0.2,1.1,2.0,13.2
Reggie Jackson,36.0,17.2,2.1,5.8,5.3,11.4,3.5,4.0,0.8,2.8,3.6,6.6,0.9,0.1,2.8,3.0,20.2
Richard Jefferson,36.0,7.8,1.6,4.2,2.0,3.6,1.6,2.4,0.6,3.6,4.0,1.8,0.8,0.2,1.2,3.4,10.3
Richaun Holmes,36.0,11.3,0.2,1.1,6.3,10.1,2.7,3.6,3.3,6.3,9.6,1.7,1.1,1.9,1.5,4.8,16.1
Ricky Rubio,36.0,11.5,1.2,3.7,3.4,7.7,3.7,4.3,0.7,4.3,5.0,9.0,2.0,0.1,3.1,3.1,14.2
Robert Covington,36.0,12.2,2.8,7.8,2.2,4.4,2.1,2.6,1.0,5.9,7.1,1.7,2.0,1.2,2.0,3.7,14.7
Robert Williams,36.0,7.5,0.0,0.0,5.2,7.5,1.6,2.6,3.6,7.5,11.1,2.0,1.6,3.9,1.6,4.6,12.4
Robin Lopez,36.0,11.9,0.2,0.6,6.1,11.3,1.7,2.1,3.5,4.2,7.7,1.8,0.3,1.7,2.0,2.7,14.4
Rodions Kurucs,36.0,11.4,1.6,5.0,3.4,6.4,1.8,2.4,1.4,5.4,7.0,1.8,1.2,0.6,2.2,4.2,13.6
Rodney Hood,36.0,14.1,2.3,6.1,3.8,8.0,2.3,2.8,0.5,3.3,3.8,2.4,1.0,0.3,1.4,2.8,16.6
Rodney McGruder,36.0,9.0,1.5,4.4,2.2,4.7,0.8,1.3,1.5,3.7,5.2,2.2,0.8,0.3,1.2,2.7,9.9
Rodney Stuckey,36.0,12.6,0.7,2.7,4.3,9.9,3.9,4.8,0.5,3.9,4.4,4.1,1.1,0.2,2.3,2.1,14.5
Romeo Langford,36.0,7.8,0.6,2.5,2.2,5.3,1.9,2.5,1.6,2.5,4.0,1.2,0.6,0.6,0.9,3.1,7.8
Ron Baker,36.0,7.7,1.0,3.5,1.7,4.2,1.5,2.0,0.5,3.2,3.5,4.5,1.7,0.5,2.0,3.2,7.7
Rondae Hollis-Jefferson,36.0,12.1,0.2,1.1,5.1,10.8,3.8,5.1,2.4,6.7,8.9,3.0,1.4,0.8,2.1,3.3,14.8
Ronnie Price,36.0,8.7,1.8,5.7,1.2,3.1,0.8,1.2,0.8,2.2,2.8,4.5,2.2,0.4,2.0,4.7,9.2
Roy Hibbert,36.0,7.8,0.0,0.0,3.6,7.8,2.5,3.1,2.5,5.1,7.8,1.6,0.5,2.2,1.5,4.9,9.8
Royce O'Neale,36.0,7.4,1.5,3.9,1.8,3.3,1.0,1.3,0.5,6.2,6.7,3.0,1.2,0.5,1.3,3.6,9.0
Rudy Gay,36.0,15.1,1.3,3.9,5.7,11.3,3.1,3.7,1.6,6.5,8.0,2.7,1.3,0.8,2.3,2.8,18.6
Rudy Gobert,36.0,8.5,0.0,0.0,5.5,8.5,3.9,6.2,3.8,9.5,13.5,1.6,0.8,2.5,2.0,3.2,15.0
Rui Hachimura,36.0,13.6,0.6,2.2,5.7,11.4,2.9,3.5,1.9,5.4,7.3,2.2,1.0,0.2,1.3,2.6,16.1
Russell Westbrook,36.0,21.5,1.5,5.2,7.9,16.3,6.0,7.7,1.7,7.9,9.8,10.1,1.8,0.3,4.8,2.8,26.5
Ryan Anderson,36.0,13.2,2.8,7.3,2.8,5.9,2.4,2.8,2.0,4.4,6.4,1.3,0.5,0.4,1.2,2.3,16.3
Ryan Arcidiacono,36.0,7.7,1.7,4.4,1.7,3.3,1.3,1.7,0.6,3.5,4.0,4.6,1.1,0.0,1.3,3.1,9.6
Ryan Broekhoff,36.0,10.4,3.4,8.1,1.3,2.4,1.3,1.7,0.7,5.4,6.1,2.0,0.7,0.3,1.3,2.7,13.5
Ryan Hollins,36.0,6.1,0.0,0.0,3.8,6.1,2.0,3.2,3.8,4.1,7.5,0.9,0.6,1.7,1.7,4.9,9.9
Ryan Kelly,36.0,10.9,0.6,2.9,3.2,8.0,2.6,3.9,1.3,7.1,8.7,1.6,1.0,1.0,1.3,2.6,10.9
Salah Mejri,36.0,7.0,0.3,0.6,3.9,6.4,1.8,3.0,3.9,8.2,12.1,1.5,1.2,2.7,1.8,5.7,10.3
Sam Dekker,36.0,10.9,0.9,3.5,4.2,7.4,1.2,1.9,2.3,4.9,7.0,1.9,1.2,0.5,1.2,2.3,12.8
Sasha Vujacic,36.0,11.2,2.0,5.9,2.0,5.3,1.4,1.7,1.1,4.8,5.6,3.7,1.4,0.3,1.7,3.4,11.5
Sean Kilpatrick,36.0,15.5,2.2,6.8,4.2,8.8,3.8,4.6,0.5,4.6,5.1,2.7,0.9,0.2,2.4,2.2,19.0
Sekou Doumbouya,36.0,11.3,1.3,4.7,3.1,6.5,1.5,2.2,0.9,4.7,5.6,0.9,0.9,0.4,1.6,3.8,11.6
Semaj Christon,36.0,8.3,0.5,2.4,2.4,5.9,0.7,1.2,0.7,2.6,3.3,4.7,0.9,0.2,1.7,2.8,6.9
Semi Ojeleye,36.0,7.0,1.6,4.4,1.3,2.6,1.0,1.6,1.0,3.9,5.2,1.0,0.8,0.3,0.8,2.8,8.0
Serge Ibaka,36.0,14.4,1.4,4.0,5.7,10.4,1.7,2.2,2.1,6.8,8.9,1.2,0.6,1.7,1.9,3.5,17.4
Sergey Karasev,36.0,6.5,1.1,3.2,1.8,3.2,2.2,2.5,0.7,4.3,5.0,3.2,0.7,0.0,2.2,2.5,8.6
Sergio Rodriguez,36.0,12.8,2.3,6.0,2.7,6.8,0.5,0.6,0.5,3.2,3.7,8.2,1.1,0.2,3.1,2.3,12.6
Seth Curry,36.0,12.4,2.9,6.4,3.0,6.1,1.6,1.9,0.5,2.7,3.2,2.9,1.1,0.2,1.6,2.4,16.2
Shabazz Muhammad,36.0,14.6,1.0,3.2,5.9,11.3,3.6,4.9,2.0,3.6,5.7,1.0,0.6,0.2,1.4,2.0,18.4
Shabazz Napier,36.0,13.0,2.1,6.4,3.0,6.6,3.2,3.8,0.6,3.4,4.0,5.1,1.7,0.2,2.8,2.3,15.8
Shai Gilgeous-Alexander,36.0,13.5,1.1,3.1,5.3,10.5,3.4,4.3,0.8,4.3,5.0,3.9,1.4,0.7,2.1,2.3,17.3
Shake Milton,36.0,12.3,2.4,6.0,3.2,6.2,1.8,2.4,0.8,3.2,4.0,4.0,1.0,0.4,1.8,4.0,15.5
Shane Larkin,36.0,10.4,0.9,2.8,3.4,7.5,1.7,2.1,0.6,3.2,4.0,6.2,1.7,0.2,2.6,2.6,11.3
Shaquille Harrison,36.0,11.1,0.7,2.4,4.4,8.7,2.4,3.3,1.1,4.8,5.9,3.7,2.4,0.9,1.5,3.5,13.1
Shaun Livingston,36.0,9.0,0.0,0.2,4.8,8.8,1.5,1.9,1.0,3.1,4.2,4.6,1.3,0.6,1.7,3.3,11.1
Shelvin Mack,36.0,11.9,1.2,3.8,3.8,8.1,1.7,2.4,0.5,3.3,3.8,5.9,1.4,0.2,2.6,2.6,13.1
Sindarius Thornwell,36.0,7.0,0.7,2.0,2.3,5.0,2.0,3.0,1.0,3.7,4.7,2.0,1.7,0.7,1.7,4.0,8.7
Skal Labissiere,36.0,12.1,0.4,1.2,5.6,10.9,2.5,3.3,3.1,6.2,9.3,2.1,0.8,1.4,2.1,4.3,14.8
Solomon Hill,36.0,8.0,1.5,4.2,1.7,3.6,1.4,1.7,1.0,4.2,5.4,2.5,1.2,0.5,1.4,2.9,9.0
Sonny Weems,36.0,8.1,0.9,3.1,1.9,5.0,0.6,0.9,0.6,3.4,3.7,3.4,0.6,0.0,3.1,3.4,7.8
Spencer Dinwiddie,36.0,14.3,2.0,6.1,4.0,8.1,4.6,6.0,0.7,3.3,3.8,6.9,0.9,0.4,2.5,3.2,18.5
Spencer Hawes,36.0,11.6,1.3,3.5,3.9,7.9,2.0,2.4,1.7,6.8,8.5,3.7,0.7,1.1,2.2,3.7,13.3
Stanley Johnson,36.0,11.5,1.4,4.8,3.0,6.7,1.6,2.1,0.9,4.8,5.6,2.5,1.6,0.4,2.1,3.4,11.6
Stephen Curry,36.0,20.3,5.0,11.5,4.9,8.7,4.7,5.3,0.9,4.6,5.5,6.7,1.8,0.2,3.2,2.4,29.3
Sterling Brown,36.0,10.8,1.8,5.3,2.8,5.5,1.1,1.4,1.1,6.0,7.1,2.3,1.1,0.5,1.6,3.2,11.9
Steve Blake,36.0,8.7,1.9,5.5,1.5,3.2,0.6,0.6,0.4,3.0,3.2,7.2,0.8,0.2,3.0,2.5,9.3
Steven Adams,36.0,9.8,0.0,0.0,5.9,9.8,2.2,4.0,4.7,5.5,10.2,1.6,1.2,1.2,1.8,3.0,14.1
Sviatoslav Mykhailiuk,36.0,11.6,3.1,7.9,1.4,3.5,1.4,1.9,0.6,2.5,2.9,3.1,1.2,0.2,1.7,2.3,13.4
TJ Leaf,36.0,12.0,0.8,2.9,5.0,9.5,1.2,2.1,2.9,5.4,8.3,1.2,0.8,0.8,0.8,2.9,13.7
TJ McConnell,36.0,9.8,0.3,1.2,4.4,8.6,0.8,1.0,0.8,4.0,4.7,7.9,2.0,0.3,2.7,2.4,10.8
TJ Warren,36.0,16.0,0.9,2.7,7.1,13.3,2.6,3.3,1.6,3.5,5.2,1.5,1.3,0.7,1.3,2.9,19.8
Taj Gibson,36.0,10.7,0.1,0.4,5.8,10.3,2.1,2.8,3.2,5.6,8.9,1.5,0.8,1.0,1.5,3.4,13.9
Tarik Black,36.0,8.8,0.0,0.3,4.8,8.8,2.1,3.7,4.3,6.9,11.2,1.1,1.1,1.6,1.9,6.1,11.7
Taurean Prince,36.0,14.1,2.9,7.9,2.9,6.2,1.8,2.1,0.8,5.4,6.2,2.5,1.1,0.5,2.4,3.1,16.0
Taurean Waller-Prince,36.0,13.1,2.2,5.9,3.4,7.4,2.4,2.8,0.7,4.9,5.8,2.8,1.3,0.7,2.7,2.8,15.6
Tayshaun Prince,36.0,5.7,0.2,0.6,2.5,5.1,0.4,0.4,0.8,2.8,3.6,1.7,0.9,0.4,0.8,1.5,5.5
Terance Mann,36.0,7.8,0.8,2.0,2.9,5.7,1.6,2.9,0.8,4.5,5.3,5.3,1.2,0.4,1.6,4.5,9.8
Terence Davis,36.0,13.1,2.8,7.3,3.2,5.8,1.5,1.7,1.5,5.6,7.1,3.4,1.1,0.4,2.4,3.6,16.1
Terrance Ferguson,36.0,7.5,1.7,5.2,1.2,2.3,0.5,0.7,0.7,1.7,2.4,1.2,0.9,0.3,0.9,4.3,8.3
Terrence Jones,36.0,13.3,0.7,2.5,5.4,11.0,2.8,4.4,2.0,6.1,8.1,1.5,1.0,1.5,1.5,2.5,15.8
Terrence Ross,36.0,14.8,2.9,8.1,3.2,6.6,1.8,2.1,0.4,3.8,4.2,1.7,1.4,0.6,1.3,2.2,17.4
Terry Rozier,36.0,13.8,2.4,6.5,3.0,7.3,1.9,2.4,1.0,4.9,5.9,4.3,1.3,0.3,1.7,2.1,15.2
Thabo Sefolosha,36.0,8.6,1.1,3.1,2.9,5.5,1.3,1.8,1.1,5.7,6.8,2.0,2.0,0.7,1.3,2.4,10.5
Thaddeus Young,36.0,12.6,0.7,2.2,5.6,10.3,1.1,1.8,2.5,5.3,7.8,2.4,1.8,0.5,1.8,2.6,14.4
Theo Pinson,36.0,14.3,1.6,8.0,2.5,6.4,2.2,2.2,1.0,4.8,5.7,4.8,1.6,0.3,3.2,3.2,12.4
Thomas Bryant,36.0,12.5,0.9,2.6,6.5,9.9,2.6,3.5,2.8,7.8,10.6,2.5,0.7,1.6,1.6,3.2,18.4
Thomas Robinson,36.0,11.9,0.0,0.0,5.8,11.9,2.0,4.4,5.2,8.7,14.2,1.7,1.5,1.2,2.9,4.6,13.4
Thon Maker,36.0,9.8,1.3,3.9,2.8,5.7,2.3,3.4,2.1,5.2,7.3,1.6,1.0,1.8,1.3,4.7,12.2
Tiago Splitter,36.0,10.1,0.0,0.5,5.1,9.7,2.7,3.1,2.9,4.8,7.7,1.9,1.2,0.7,1.7,4.3,13.3
Tim Duncan,36.0,10.3,0.0,0.0,5.0,10.3,2.1,3.0,2.7,7.7,10.4,3.9,1.1,1.9,2.1,2.9,12.3
Tim Frazier,36.0,9.1,1.0,2.9,2.9,6.4,1.9,2.5,1.0,3.7,4.7,8.2,1.4,0.2,2.7,3.7,10.3
Tim Hardaway,36.0,15.6,2.7,7.8,3.9,7.7,3.0,3.6,0.5,3.5,4.0,2.7,0.9,0.1,1.5,2.2,18.9
Timofey Mozgov,36.0,10.0,0.0,0.4,5.4,9.8,2.1,2.7,3.1,5.8,8.9,1.0,0.6,1.2,2.3,4.4,13.1
Timothe Luwawu-Cabarrot,36.0,11.4,2.0,6.0,2.5,5.4,2.7,3.1,0.9,3.8,4.5,1.8,0.9,0.2,1.8,4.5,13.6
Tobias Harris,36.0,15.5,1.8,4.9,5.5,10.6,2.8,3.4,1.0,5.9,6.9,2.6,0.9,0.5,1.5,2.2,19.2
Tomas Satoransky,36.0,9.1,1.1,2.8,3.2,6.2,1.9,2.3,1.4,3.4,4.8,6.3,1.4,0.2,2.0,2.8,11.4
Toney Douglas,36.0,12.2,1.8,5.4,3.0,6.8,2.4,2.8,0.7,3.7,4.4,4.6,1.8,0.2,1.8,3.9,14.0
Tony Allen,36.0,11.0,0.3,1.0,4.8,10.0,1.8,2.7,2.7,4.2,7.0,1.6,2.2,0.4,1.9,3.9,12.2
Tony Bradley,36.0,10.7,0.0,0.3,6.6,10.4,1.7,2.4,6.2,8.3,14.5,1.4,0.7,1.7,1.7,5.9,15.2
Tony Parker,36.0,13.7,0.5,1.4,6.0,12.3,2.4,3.1,0.3,2.7,3.0,6.8,0.9,0.2,2.4,2.0,15.6
Tony Snell,36.0,8.5,2.1,5.1,1.6,3.4,0.7,0.9,0.3,3.2,3.5,1.9,0.7,0.4,0.9,2.2,10.3
Torrey Craig,36.0,8.7,1.4,4.3,2.5,4.3,1.0,1.5,2.1,4.3,6.6,1.5,0.8,1.2,1.0,4.3,10.3
Trae Young,36.0,19.5,2.9,8.1,5.5,11.3,6.4,7.6,0.8,3.6,4.3,9.4,1.1,0.2,4.6,1.9,25.9
Treveon Graham,36.0,8.8,1.6,4.5,1.8,4.3,1.4,1.8,1.6,3.6,5.0,1.8,0.9,0.2,0.9,3.6,9.5
Trevor Ariza,36.0,10.3,2.4,6.6,1.9,3.8,1.5,1.9,0.7,4.6,5.4,2.5,1.7,0.3,1.2,2.1,12.3
Trevor Booker,36.0,10.6,0.3,1.2,5.0,9.3,1.7,2.4,3.5,7.3,10.7,2.4,1.2,0.7,2.1,3.5,12.6
Trey Burke,36.0,16.3,2.0,5.4,5.2,10.9,2.0,2.6,0.6,2.4,3.0,5.4,1.0,0.2,2.0,2.2,18.5
Trey Lyles,36.0,12.8,1.8,5.2,3.8,7.6,1.8,2.6,1.6,7.0,8.4,2.2,0.8,0.8,1.6,3.0,14.8
Tristan Thompson,36.0,8.5,0.0,0.1,4.7,8.4,2.0,3.4,4.5,7.3,11.8,1.6,0.7,0.9,1.3,2.9,11.4
Troy Brown,36.0,12.3,1.2,3.5,4.2,8.7,2.1,2.6,1.6,5.9,7.6,3.6,1.6,0.2,1.6,2.8,13.8
Troy Daniels,36.0,13.6,3.8,10.0,1.6,3.6,1.1,1.4,0.5,2.7,3.2,1.4,0.7,0.2,1.4,2.9,15.8
Troy Williams,36.0,11.5,1.3,4.4,3.8,7.1,1.5,2.4,1.5,4.4,6.0,1.5,1.8,0.7,1.8,4.0,13.3
Ty Jerome,36.0,12.2,1.7,5.4,2.7,6.8,1.4,1.7,0.7,4.4,5.1,4.8,1.7,0.3,2.0,3.1,11.2
Ty Lawson,36.0,10.0,0.8,2.6,3.6,7.4,2.6,3.4,0.8,2.6,3.4,6.5,1.4,0.2,2.6,2.3,12.1
Tyler Cavanaugh,36.0,10.4,2.3,6.2,2.3,4.5,1.3,1.6,3.2,5.5,8.8,1.9,0.6,0.3,1.0,4.2,12.3
Tyler Dorsey,36.0,13.9,2.5,7.2,2.9,6.7,1.8,2.7,0.9,4.2,5.1,2.9,0.7,0.2,1.3,2.5,15.0
Tyler Ennis,36.0,11.4,1.1,3.1,4.0,8.6,1.1,1.7,0.9,3.1,4.0,5.4,1.4,0.3,2.3,3.7,12.3
Tyler Hansbrough,36.0,7.4,0.0,0.5,3.2,6.9,4.2,6.9,4.2,5.1,9.2,0.9,1.4,0.9,1.4,5.5,11.1
Tyler Herro,36.0,15.1,2.8,7.1,3.7,8.0,2.1,2.4,0.4,5.0,5.4,2.9,0.8,0.3,2.1,1.8,17.7
Tyler Johnson,36.0,12.5,1.8,5.0,3.5,7.5,2.4,3.1,0.8,3.7,4.3,3.5,1.2,0.7,1.6,2.7,14.9
Tyler Ulis,36.0,12.7,0.9,2.9,4.3,9.8,1.7,2.2,0.5,2.2,2.9,6.9,1.6,0.2,2.6,2.6,12.9
Tyler Zeller,36.0,12.0,0.3,0.5,6.0,11.5,2.7,3.5,3.3,6.0,9.3,1.9,0.5,1.1,1.6,4.4,15.3
Tyreke Evans,36.0,17.0,2.1,5.6,5.1,11.5,3.4,4.4,0.9,4.8,5.7,5.7,1.5,0.4,2.9,2.6,19.8
Tyrone Wallace,36.0,11.1,0.2,1.6,4.4,9.5,2.3,3.3,0.9,3.9,5.1,2.8,1.2,0.5,2.1,3.9,12.1
Tyson Chandler,36.0,5.9,0.0,0.0,3.7,5.9,2.2,3.3,4.0,9.2,13.2,1.3,0.8,0.8,1.8,3.7,9.5
Tyus Jones,36.0,9.8,1.2,3.2,3.2,6.6,1.4,1.8,0.4,2.6,3.0,7.2,2.0,0.2,1.4,2.0,11.2
Udonis Haslem,36.0,9.0,0.0,2.0,3.0,6.5,1.5,2.5,1.5,8.5,10.0,1.5,0.5,0.5,1.0,4.0,8.5
Victor Oladipo,36.0,16.7,2.0,5.7,5.4,11.0,3.1,4.0,0.7,4.6,5.3,4.2,1.9,0.5,2.5,2.5,20.0
Vince Carter,36.0,11.3,2.5,6.8,1.9,4.5,1.6,1.9,0.8,4.3,5.1,2.3,1.2,0.8,1.2,3.5,12.8
Wade Baldwin,36.0,10.5,0.7,2.1,3.1,8.4,2.8,3.5,0.7,3.5,4.2,4.9,1.4,0.7,3.5,3.8,10.8
Wayne Ellington,36.0,12.5,3.4,9.0,1.6,3.6,1.1,1.2,0.5,3.1,3.6,1.7,1.1,0.2,0.9,1.9,14.5
Wayne Selden,36.0,12.3,1.7,4.9,3.4,7.4,1.9,2.6,0.8,3.0,3.8,2.8,0.9,0.4,2.3,3.2,13.8
Wendell Carter,36.0,10.9,0.1,0.9,5.3,9.9,3.0,4.0,3.4,7.4,10.9,2.0,0.9,1.5,2.1,4.8,14.3
Wesley Iwundu,36.0,8.2,0.8,2.2,2.7,5.7,2.2,2.9,1.0,4.1,5.1,2.0,1.0,0.6,1.0,3.3,9.8
Wesley Johnson,36.0,9.8,1.7,5.4,2.1,4.2,0.8,1.0,0.8,5.0,5.8,1.2,1.7,1.2,1.2,3.7,10.2
Wesley Matthews,36.0,11.6,2.5,6.9,2.1,4.6,1.7,2.2,0.5,3.0,3.3,2.5,1.0,0.2,1.3,2.4,13.4
Will Barton,36.0,14.2,1.9,5.3,4.3,8.8,2.6,3.3,1.1,5.2,6.3,3.9,1.1,0.6,2.0,2.2,16.9
Willie Cauley-Stein,36.0,11.6,0.0,0.2,6.3,11.5,2.3,3.7,2.8,6.9,9.7,2.5,1.4,1.2,1.5,3.7,14.7
Willie Reed,36.0,10.2,0.0,0.0,6.1,10.2,2.0,3.8,4.1,7.0,11.0,0.9,0.6,2.0,1.2,4.6,14.2
Willy Hernangomez,36.0,12.7,0.2,1.0,6.5,11.8,3.5,5.0,4.7,8.8,13.5,2.5,1.0,1.0,2.8,4.0,17.2
Wilson Chandler,36.0,11.4,1.7,4.8,3.4,6.6,1.5,1.9,1.4,5.3,6.8,2.3,0.8,0.5,1.5,3.0,13.2
Yogi Ferrell,36.0,11.8,1.9,5.5,3.0,6.4,1.8,2.1,0.5,3.2,3.7,4.1,1.1,0.2,1.6,2.5,13.8
Yuta Watanabe,36.0,11.0,0.8,3.0,3.4,7.6,1.3,2.1,1.3,5.1,6.4,1.7,1.3,0.4,0.8,2.5,9.7
Zach Collins,36.0,10.1,1.0,3.3,3.3,6.8,1.6,2.3,2.5,5.8,8.2,1.9,0.6,1.4,2.1,4.5,11.7
Zach LaVine,36.0,17.6,2.3,6.2,5.6,11.3,3.8,4.7,0.6,3.8,4.3,4.0,1.1,0.3,2.9,2.6,22.0
Zach Randolph,36.0,17.9,0.5,1.8,7.7,16.0,2.7,3.5,3.1,7.2,10.3,2.7,0.8,0.3,2.2,2.7,19.8
Zaza Pachulia,36.0,8.8,0.0,0.0,4.4,8.6,3.4,4.4,4.0,8.0,12.1,3.2,1.4,0.6,2.4,4.4,12.1
Zion Williamson,36.0,19.4,0.3,0.8,11.0,18.6,6.2,9.6,3.5,4.7,8.0,2.7,0.9,0.5,3.2,2.3,29.1
